ProductID, PeriodDate, AdhocFlag, LineofBusinessCode, SortOrder, EquityFlag, TaxType, BenchmarkFlag, PerformanceType, Description, MTD, QTD, YTD, PriorYear, PriorTwoYear, PriorThreeYear, PriorFourYear, PriorFiveYear, PriorSevenYear, PriorTenYear, CYPriorYear, CYPriorTwoYear, CYPriorThreeYear, CYPriorFourYear, CYPriorFiveYear, CYPriorSixYear, CYPriorSevenYear, CYPriorEightYear, CYPriorNineYear, CYPriorTenYear, CYPriorElevenYear, CYPriorTwelveYear, SinceInceptionReturn, InceptionDate, ValueAdded, Risk, TrackingError, InfoRatio, PriorThreeMonth, PriorSixMonth, PriorNineMonth, CurrentQuarter, 
"USTR10001", "2020-12-31", "N", "USTR", 1, , , "N", , , 0, 0, 0, , 0, 0, 0, 0, 0, 0, , , , , , , , , , , , , "0", "2021-01-01", , , , , , , , 0, 
"USTR10001", "2020-12-31", "N", "USTR", 2, , , "Y", , , 0, 0, 0, , 0, 0, 0, 0, 0, 0, , , , , , , , , , , , , "0", "2021-01-01", , , , , , , , 0, 
"USTR10002", "2020-12-31", "N", "USTR", 1, , , "N", , , 0, 0, 0, , 0, 0, 0, 0, 0, 0, , , , , , , , , , , , , "0", "2021-01-01", , , , , , , , 0, 
"USTR10002", "2020-12-31", "N", "USTR", 2, , , "Y", , , 0, 0, 0, , 0, 0, 0, 0, 0, 0, , , , , , , , , , , , , "0", "2021-01-01", , , , , , , , 0, 
"USTR10004", "2020-12-31", "N", "USTR", 1, , , "N", , , 0, 0, 0, , 0, 0, 0, 0, 0, 0, , , , , , , , , , , , , "0", "2021-01-01", , , , , , , , 0, 
"USTR10004", "2020-12-31", "N", "USTR", 2, , , "Y", , , 0, 0, 0, , 0, 0, 0, 0, 0, 0, , , , , , , , , , , , , "0", "2021-01-01", , , , , , , , 0, 
"USTR10006", "2020-12-31", "N", "USTR", 1, , , "N", , , 0, 0, 0, , 0, 0, 0, 0, 0, 0, , , , , , , , , , , , , "0", "2021-01-01", , , , , , , , 0, 
"USTR10006", "2020-12-31", "N", "USTR", 2, , , "Y", , , 0, 0, 0, , 0, 0, 0, 0, 0, 0, , , , , , , , , , , , , "0", "2021-01-01", , , , , , , , 0, 
"USTR100960", "2020-12-31", "N", "USTR", 1, , , "N", , , 0, 0, 0, , 0, 0, 0, 0, 0, 0, , , , , , , , , , , , , "0", "2021-01-01", , , , , , , , 0, 
"USTR100960", "2020-12-31", "N", "USTR", 2, , , "Y", , , 0, 0, 0, , 0, 0, 0, 0, 0, 0, , , , , , , , , , , , , "0", "2021-01-01", , , , , , , , 0, 
"USTR1025", "2020-12-31", "N", "USTR", 1, , , "N", , , 0, 0, 0, , 0, 0, 0, 0, 0, 0, , , , , , , , , , , , , "0", "2021-01-01", , , , , , , , 0, 
"USTR1025", "2020-12-31", "N", "USTR", 2, , , "Y", , , 0, 0, 0, , 0, 0, 0, 0, 0, 0, , , , , , , , , , , , , "0", "2021-01-01", , , , , , , , 0, 
"USTR1055", "2020-12-31", "N", "USTR", 1, , , "N", , , 0, 0, 0, , 0, 0, 0, 0, 0, 0, , , , , , , , , , , , , "0", "2021-01-01", , , , , , , , 0, 
"USTR1055", "2020-12-31", "N", "USTR", 2, , , "Y", , , 0, 0, 0, , 0, 0, 0, 0, 0, 0, , , , , , , , , , , , , "0", "2021-01-01", , , , , , , , 0, 
"USTR107449", "2020-12-31", "N", "USTR", 1, , , "N", , , 0, 0, 0, , 0, 0, 0, 0, 0, 0, , , , , , , , , , , , , "0", "2021-01-01", , , , , , , , 0, 
"USTR107449", "2020-12-31", "N", "USTR", 2, , , "Y", , , 0, 0, 0, , 0, 0, 0, 0, 0, 0, , , , , , , , , , , , , "0", "2021-01-01", , , , , , , , 0, 
"USTR109195", "2020-12-31", "N", "USTR", 1, , , "N", , , 0, 0, 0, , 0, 0, 0, 0, 0, 0, , , , , , , , , , , , , "0", "2021-01-01", , , , , , , , 0, 
"USTR109195", "2020-12-31", "N", "USTR", 2, , , "Y", , , 0, 0, 0, , 0, 0, 0, 0, 0, 0, , , , , , , , , , , , , "0", "2021-01-01", , , , , , , , 0, 
"USTR109433", "2020-12-31", "N", "USTR", 1, , , "N", , , 0, 0, 0, , 0, 0, 0, 0, 0, 0, , , , , , , , , , , , , "0", "2021-01-01", , , , , , , , 0, 
"USTR109433", "2020-12-31", "N", "USTR", 2, , , "Y", , , 0, 0, 0, , 0, 0, 0, 0, 0, 0, , , , , , , , , , , , , "0", "2021-01-01", , , , , , , , 0, 
"USTR109553", "2020-12-31", "N", "USTR", 1, , , "N", , , 0, 0, 0, , 0, 0, 0, 0, 0, 0, , , , , , , , , , , , , "0", "2021-01-01", , , , , , , , 0, 
"USTR109553", "2020-12-31", "N", "USTR", 2, , , "Y", , , 0, 0, 0, , 0, 0, 0, 0, 0, 0, , , , , , , , , , , , , "0", "2021-01-01", , , , , , , , 0, 
"USTR109670", "2020-12-31", "N", "USTR", 1, , , "N", , , 0, 0, 0, , 0, 0, 0, 0, 0, 0, , , , , , , , , , , , , "0", "2021-01-01", , , , , , , , 0, 
"USTR109670", "2020-12-31", "N", "USTR", 2, , , "Y", , , 0, 0, 0, , 0, 0, 0, 0, 0, 0, , , , , , , , , , , , , "0", "2021-01-01", , , , , , , , 0, 
"USTR11000", "2020-12-31", "N", "USTR", 1, , , "N", , , 0, 0, 0, , 0, 0, 0, 0, 0, 0, , , , , , , , , , , , , "0", "2021-01-01", , , , , , , , 0, 
"USTR11000", "2020-12-31", "N", "USTR", 2, , , "Y", , , 0, 0, 0, , 0, 0, 0, 0, 0, 0, , , , , , , , , , , , , "0", "2021-01-01", , , , , , , , 0, 
"USTR111505", "2020-12-31", "N", "USTR", 1, , , "N", , , 0, 0, 0, , 0, 0, 0, 0, 0, 0, , , , , , , , , , , , , "0", "2021-01-01", , , , , , , , 0, 
"USTR111505", "2020-12-31", "N", "USTR", 2, , , "Y", , , 0, 0, 0, , 0, 0, 0, 0, 0, 0, , , , , , , , , , , , , "0", "2021-01-01", , , , , , , , 0, 
"USTR111970", "2020-12-31", "N", "USTR", 1, , , "N", , , 0, 0, 0, , 0, 0, 0, 0, 0, 0, , , , , , , , , , , , , "0", "2021-01-01", , , , , , , , 0, 
"USTR111970", "2020-12-31", "N", "USTR", 2, , , "Y", , , 0, 0, 0, , 0, 0, 0, 0, 0, 0, , , , , , , , , , , , , "0", "2021-01-01", , , , , , , , 0, 
"USTR113705", "2020-12-31", "N", "USTR", 1, , , "N", , , 0, 0, 0, , 0, 0, 0, 0, 0, 0, , , , , , , , , , , , , "0", "2021-01-01", , , , , , , , 0, 
"USTR113705", "2020-12-31", "N", "USTR", 2, , , "Y", , , 0, 0, 0, , 0, 0, 0, 0, 0, 0, , , , , , , , , , , , , "0", "2021-01-01", , , , , , , , 0, 
"USTR114638", "2020-12-31", "N", "USTR", 1, , , "N", , , 0, 0, 0, , 0, 0, 0, 0, 0, 0, , , , , , , , , , , , , "0", "2021-01-01", , , , , , , , 0, 
"USTR114638", "2020-12-31", "N", "USTR", 2, , , "Y", , , 0, 0, 0, , 0, 0, 0, 0, 0, 0, , , , , , , , , , , , , "0", "2021-01-01", , , , , , , , 0, 
"USTR117075", "2020-12-31", "N", "USTR", 1, , , "N", , , 0, 0, 0, , 0, 0, 0, 0, 0, 0, , , , , , , , , , , , , "0", "2021-01-01", , , , , , , , 0, 
"USTR117075", "2020-12-31", "N", "USTR", 2, , , "Y", , , 0, 0, 0, , 0, 0, 0, 0, 0, 0, , , , , , , , , , , , , "0", "2021-01-01", , , , , , , , 0, 
"USTR117383", "2020-12-31", "N", "USTR", 1, , , "N", , , 0, 0, 0, , 0, 0, 0, 0, 0, 0, , , , , , , , , , , , , "0", "2021-01-01", , , , , , , , 0, 
"USTR117383", "2020-12-31", "N", "USTR", 2, , , "Y", , , 0, 0, 0, , 0, 0, 0, 0, 0, 0, , , , , , , , , , , , , "0", "2021-01-01", , , , , , , , 0, 
"USTR118454", "2020-12-31", "N", "USTR", 1, , , "N", , , 0, 0, 0, , 0, 0, 0, 0, 0, 0, , , , , , , , , , , , , "0", "2021-01-01", , , , , , , , 0, 
"USTR118454", "2020-12-31", "N", "USTR", 2, , , "Y", , , 0, 0, 0, , 0, 0, 0, 0, 0, 0, , , , , , , , , , , , , "0", "2021-01-01", , , , , , , , 0, 
"USTR118704", "2020-12-31", "N", "USTR", 1, , , "N", , , 0, 0, 0, , 0, 0, 0, 0, 0, 0, , , , , , , , , , , , , "0", "2021-01-01", , , , , , , , 0, 
"USTR118704", "2020-12-31", "N", "USTR", 2, , , "Y", , , 0, 0, 0, , 0, 0, 0, 0, 0, 0, , , , , , , , , , , , , "0", "2021-01-01", , , , , , , , 0, 
"USTR119230", "2020-12-31", "N", "USTR", 1, , , "N", , , 0, 0, 0, , 0, 0, 0, 0, 0, 0, , , , , , , , , , , , , "0", "2021-01-01", , , , , , , , 0, 
"USTR119230", "2020-12-31", "N", "USTR", 2, , , "Y", , , 0, 0, 0, , 0, 0, 0, 0, 0, 0, , , , , , , , , , , , , "0", "2021-01-01", , , , , , , , 0, 
"USTR124648", "2020-12-31", "N", "USTR", 1, , , "N", , , 0, 0, 0, , 0, 0, 0, 0, 0, 0, , , , , , , , , , , , , "0", "2021-01-01", , , , , , , , 0, 
"USTR124648", "2020-12-31", "N", "USTR", 2, , , "Y", , , 0, 0, 0, , 0, 0, 0, 0, 0, 0, , , , , , , , , , , , , "0", "2021-01-01", , , , , , , , 0, 
"USTR125580", "2020-12-31", "N", "USTR", 1, , , "N", , , 0, 0, 0, , 0, 0, 0, 0, 0, 0, , , , , , , , , , , , , "0", "2021-01-01", , , , , , , , 0, 
"USTR125580", "2020-12-31", "N", "USTR", 2, , , "Y", , , 0, 0, 0, , 0, 0, 0, 0, 0, 0, , , , , , , , , , , , , "0", "2021-01-01", , , , , , , , 0, 
"USTR125587", "2020-12-31", "N", "USTR", 1, , , "N", , , 0, 0, 0, , 0, 0, 0, 0, 0, 0, , , , , , , , , , , , , "0", "2021-01-01", , , , , , , , 0, 
"USTR125587", "2020-12-31", "N", "USTR", 2, , , "Y", , , 0, 0, 0, , 0, 0, 0, 0, 0, 0, , , , , , , , , , , , , "0", "2021-01-01", , , , , , , , 0, 
"USTR126261", "2020-12-31", "N", "USTR", 1, , , "N", , , 0, 0, 0, , 0, 0, 0, 0, 0, 0, , , , , , , , , , , , , "0", "2021-01-01", , , , , , , , 0, 
"USTR126261", "2020-12-31", "N", "USTR", 2, , , "Y", , , 0, 0, 0, , 0, 0, 0, 0, 0, 0, , , , , , , , , , , , , "0", "2021-01-01", , , , , , , , 0, 
"USTR126950", "2020-12-31", "N", "USTR", 1, , , "N", , , 0, 0, 0, , 0, 0, 0, 0, 0, 0, , , , , , , , , , , , , "0", "2021-01-01", , , , , , , , 0, 
"USTR126950", "2020-12-31", "N", "USTR", 2, , , "Y", , , 0, 0, 0, , 0, 0, 0, 0, 0, 0, , , , , , , , , , , , , "0", "2021-01-01", , , , , , , , 0, 
"USTR126967", "2020-12-31", "N", "USTR", 1, , , "N", , , 0, 0, 0, , 0, 0, 0, 0, 0, 0, , , , , , , , , , , , , "0", "2021-01-01", , , , , , , , 0, 
"USTR126967", "2020-12-31", "N", "USTR", 2, , , "Y", , , 0, 0, 0, , 0, 0, 0, 0, 0, 0, , , , , , , , , , , , , "0", "2021-01-01", , , , , , , , 0, 
"USTR127319", "2020-12-31", "N", "USTR", 1, , , "N", , , 0, 0, 0, , 0, 0, 0, 0, 0, 0, , , , , , , , , , , , , "0", "2021-01-01", , , , , , , , 0, 
"USTR127319", "2020-12-31", "N", "USTR", 2, , , "Y", , , 0, 0, 0, , 0, 0, 0, 0, 0, 0, , , , , , , , , , , , , "0", "2021-01-01", , , , , , , , 0, 
"USTR127450", "2020-12-31", "N", "USTR", 1, , , "N", , , 0, 0, 0, , 0, 0, 0, 0, 0, 0, , , , , , , , , , , , , "0", "2021-01-01", , , , , , , , 0, 
"USTR127450", "2020-12-31", "N", "USTR", 2, , , "Y", , , 0, 0, 0, , 0, 0, 0, 0, 0, 0, , , , , , , , , , , , , "0", "2021-01-01", , , , , , , , 0, 
"USTR1294", "2020-12-31", "N", "USTR", 1, , , "N", , , 0, 0, 0, , 0, 0, 0, 0, 0, 0, , , , , , , , , , , , , "0", "2021-01-01", , , , , , , , 0, 
"USTR1294", "2020-12-31", "N", "USTR", 2, , , "Y", , , 0, 0, 0, , 0, 0, 0, 0, 0, 0, , , , , , , , , , , , , "0", "2021-01-01", , , , , , , , 0, 
"USTR129577", "2020-12-31", "N", "USTR", 1, , , "N", , , 0, 0, 0, , 0, 0, 0, 0, 0, 0, , , , , , , , , , , , , "0", "2021-01-01", , , , , , , , 0, 
"USTR129577", "2020-12-31", "N", "USTR", 2, , , "Y", , , 0, 0, 0, , 0, 0, 0, 0, 0, 0, , , , , , , , , , , , , "0", "2021-01-01", , , , , , , , 0, 
"USTR130625", "2020-12-31", "N", "USTR", 1, , , "N", , , 0, 0, 0, , 0, 0, 0, 0, 0, 0, , , , , , , , , , , , , "0", "2021-01-01", , , , , , , , 0, 
"USTR130625", "2020-12-31", "N", "USTR", 2, , , "Y", , , 0, 0, 0, , 0, 0, 0, 0, 0, 0, , , , , , , , , , , , , "0", "2021-01-01", , , , , , , , 0, 
"USTR132672", "2020-12-31", "N", "USTR", 1, , , "N", , , 0, 0, 0, , 0, 0, 0, 0, 0, 0, , , , , , , , , , , , , "0", "2021-01-01", , , , , , , , 0, 
"USTR132672", "2020-12-31", "N", "USTR", 2, , , "Y", , , 0, 0, 0, , 0, 0, 0, 0, 0, 0, , , , , , , , , , , , , "0", "2021-01-01", , , , , , , , 0, 
"USTR132835", "2020-12-31", "N", "USTR", 1, , , "N", , , 0, 0, 0, , 0, 0, 0, 0, 0, 0, , , , , , , , , , , , , "0", "2021-01-01", , , , , , , , 0, 
"USTR132835", "2020-12-31", "N", "USTR", 2, , , "Y", , , 0, 0, 0, , 0, 0, 0, 0, 0, 0, , , , , , , , , , , , , "0", "2021-01-01", , , , , , , , 0, 
"USTR134322", "2020-12-31", "N", "USTR", 1, , , "N", , , 0, 0, 0, , 0, 0, 0, 0, 0, 0, , , , , , , , , , , , , "0", "2021-01-01", , , , , , , , 0, 
"USTR135460", "2020-12-31", "N", "USTR", 1, , , "N", , , 0, 0, 0, , 0, 0, 0, 0, 0, 0, , , , , , , , , , , , , "0", "2021-01-01", , , , , , , , 0, 
"USTR135460", "2020-12-31", "N", "USTR", 2, , , "Y", , , 0, 0, 0, , 0, 0, 0, 0, 0, 0, , , , , , , , , , , , , "0", "2021-01-01", , , , , , , , 0, 
"USTR137996", "2020-12-31", "N", "USTR", 1, , , "N", , , 0, 0, 0, , 0, 0, 0, 0, 0, 0, , , , , , , , , , , , , "0", "2021-01-01", , , , , , , , 0, 
"USTR137996", "2020-12-31", "N", "USTR", 2, , , "Y", , , 0, 0, 0, , 0, 0, 0, 0, 0, 0, , , , , , , , , , , , , "0", "2021-01-01", , , , , , , , 0, 
"USTR138014", "2020-12-31", "N", "USTR", 1, , , "N", , , 0, 0, 0, , 0, 0, 0, 0, 0, 0, , , , , , , , , , , , , "0", "2021-01-01", , , , , , , , 0, 
"USTR138014", "2020-12-31", "N", "USTR", 2, , , "Y", , , 0, 0, 0, , 0, 0, 0, 0, 0, 0, , , , , , , , , , , , , "0", "2021-01-01", , , , , , , , 0, 
"USTR140702", "2020-12-31", "N", "USTR", 1, , , "N", , , 0, 0, 0, , 0, 0, 0, 0, 0, 0, , , , , , , , , , , , , "0", "2021-01-01", , , , , , , , 0, 
"USTR140702", "2020-12-31", "N", "USTR", 2, , , "Y", , , 0, 0, 0, , 0, 0, 0, 0, 0, 0, , , , , , , , , , , , , "0", "2021-01-01", , , , , , , , 0, 
"USTR140989", "2020-12-31", "N", "USTR", 1, , , "N", , , 0, 0, 0, , 0, 0, 0, 0, 0, 0, , , , , , , , , , , , , "0", "2021-01-01", , , , , , , , 0, 
"USTR140989", "2020-12-31", "N", "USTR", 2, , , "Y", , , 0, 0, 0, , 0, 0, 0, 0, 0, 0, , , , , , , , , , , , , "0", "2021-01-01", , , , , , , , 0, 
"USTR1410", "2020-12-31", "N", "USTR", 1, , , "N", , , 0, 0, 0, , 0, 0, 0, 0, 0, 0, , , , , , , , , , , , , "0", "2021-01-01", , , , , , , , 0, 
"USTR1410", "2020-12-31", "N", "USTR", 2, , , "Y", , , 0, 0, 0, , 0, 0, 0, 0, 0, 0, , , , , , , , , , , , , "0", "2021-01-01", , , , , , , , 0, 
"USTR141082", "2020-12-31", "N", "USTR", 1, , , "N", , , 0, 0, 0, , 0, 0, 0, 0, 0, 0, , , , , , , , , , , , , "0", "2021-01-01", , , , , , , , 0, 
"USTR141082", "2020-12-31", "N", "USTR", 2, , , "Y", , , 0, 0, 0, , 0, 0, 0, 0, 0, 0, , , , , , , , , , , , , "0", "2021-01-01", , , , , , , , 0, 
"USTR141116", "2020-12-31", "N", "USTR", 1, , , "N", , , 0, 0, 0, , 0, 0, 0, 0, 0, 0, , , , , , , , , , , , , "0", "2021-01-01", , , , , , , , 0, 
"USTR141116", "2020-12-31", "N", "USTR", 2, , , "Y", , , 0, 0, 0, , 0, 0, 0, 0, 0, 0, , , , , , , , , , , , , "0", "2021-01-01", , , , , , , , 0, 
"USTR142736", "2020-12-31", "N", "USTR", 1, , , "N", , , 0, 0, 0, , 0, 0, 0, 0, 0, 0, , , , , , , , , , , , , "0", "2021-01-01", , , , , , , , 0, 
"USTR142736", "2020-12-31", "N", "USTR", 2, , , "Y", , , 0, 0, 0, , 0, 0, 0, 0, 0, 0, , , , , , , , , , , , , "0", "2021-01-01", , , , , , , , 0, 
"USTR143106", "2020-12-31", "N", "USTR", 1, , , "N", , , 0, 0, 0, , 0, 0, 0, 0, 0, 0, , , , , , , , , , , , , "0", "2021-01-01", , , , , , , , 0, 
"USTR143106", "2020-12-31", "N", "USTR", 2, , , "Y", , , 0, 0, 0, , 0, 0, 0, 0, 0, 0, , , , , , , , , , , , , "0", "2021-01-01", , , , , , , , 0, 
"USTR144831", "2020-12-31", "N", "USTR", 1, , , "N", , , 0, 0, 0, , 0, 0, 0, 0, 0, 0, , , , , , , , , , , , , "0", "2021-01-01", , , , , , , , 0, 
"USTR144831", "2020-12-31", "N", "USTR", 2, , , "Y", , , 0, 0, 0, , 0, 0, 0, 0, 0, 0, , , , , , , , , , , , , "0", "2021-01-01", , , , , , , , 0, 
"USTR145021", "2020-12-31", "N", "USTR", 1, , , "N", , , 0, 0, 0, , 0, 0, 0, 0, 0, 0, , , , , , , , , , , , , "0", "2021-01-01", , , , , , , , 0, 
"USTR145021", "2020-12-31", "N", "USTR", 2, , , "Y", , , 0, 0, 0, , 0, 0, 0, 0, 0, 0, , , , , , , , , , , , , "0", "2021-01-01", , , , , , , , 0, 
"USTR146479", "2020-12-31", "N", "USTR", 1, , , "N", , , 0, 0, 0, , 0, 0, 0, 0, 0, 0, , , , , , , , , , , , , "0", "2021-01-01", , , , , , , , 0, 
"USTR146479", "2020-12-31", "N", "USTR", 2, , , "Y", , , 0, 0, 0, , 0, 0, 0, 0, 0, 0, , , , , , , , , , , , , "0", "2021-01-01", , , , , , , , 0, 
"USTR147439", "2020-12-31", "N", "USTR", 1, , , "N", , , 0, 0, 0, , 0, 0, 0, 0, 0, 0, , , , , , , , , , , , , "0", "2021-01-01", , , , , , , , 0, 
"USTR147439", "2020-12-31", "N", "USTR", 2, , , "Y", , , 0, 0, 0, , 0, 0, 0, 0, 0, 0, , , , , , , , , , , , , "0", "2021-01-01", , , , , , , , 0, 
"USTR153960", "2020-12-31", "N", "USTR", 1, , , "N", , , 0, 0, 0, , 0, 0, 0, 0, 0, 0, , , , , , , , , , , , , "0", "2021-01-01", , , , , , , , 0, 
"USTR153960", "2020-12-31", "N", "USTR", 2, , , "Y", , , 0, 0, 0, , 0, 0, 0, 0, 0, 0, , , , , , , , , , , , , "0", "2021-01-01", , , , , , , , 0, 
"USTR153969", "2020-12-31", "N", "USTR", 1, , , "N", , , 0, 0, 0, , 0, 0, 0, 0, 0, 0, , , , , , , , , , , , , "0", "2021-01-01", , , , , , , , 0, 
"USTR153969", "2020-12-31", "N", "USTR", 2, , , "Y", , , 0, 0, 0, , 0, 0, 0, 0, 0, 0, , , , , , , , , , , , , "0", "2021-01-01", , , , , , , , 0, 
"USTR1549", "2020-12-31", "N", "USTR", 1, , , "N", , , 0, 0, 0, , 0, 0, 0, 0, 0, 0, , , , , , , , , , , , , "0", "2021-01-01", , , , , , , , 0, 
"USTR1549", "2020-12-31", "N", "USTR", 2, , , "Y", , , 0, 0, 0, , 0, 0, 0, 0, 0, 0, , , , , , , , , , , , , "0", "2021-01-01", , , , , , , , 0, 
"USTR156065", "2020-12-31", "N", "USTR", 1, , , "N", , , 0, 0, 0, , 0, 0, 0, 0, 0, 0, , , , , , , , , , , , , "0", "2021-01-01", , , , , , , , 0, 
"USTR156065", "2020-12-31", "N", "USTR", 2, , , "Y", , , 0, 0, 0, , 0, 0, 0, 0, 0, 0, , , , , , , , , , , , , "0", "2021-01-01", , , , , , , , 0, 
"USTR156068", "2020-12-31", "N", "USTR", 1, , , "N", , , 0, 0, 0, , 0, 0, 0, 0, 0, 0, , , , , , , , , , , , , "0", "2021-01-01", , , , , , , , 0, 
"USTR156068", "2020-12-31", "N", "USTR", 2, , , "Y", , , 0, 0, 0, , 0, 0, 0, 0, 0, 0, , , , , , , , , , , , , "0", "2021-01-01", , , , , , , , 0, 
"USTR157992", "2020-12-31", "N", "USTR", 1, , , "N", , , 0, 0, 0, , 0, 0, 0, 0, 0, 0, , , , , , , , , , , , , "0", "2021-01-01", , , , , , , , 0, 
"USTR157992", "2020-12-31", "N", "USTR", 2, , , "Y", , , 0, 0, 0, , 0, 0, 0, 0, 0, 0, , , , , , , , , , , , , "0", "2021-01-01", , , , , , , , 0, 
"USTR158590", "2020-12-31", "N", "USTR", 1, , , "N", , , 0, 0, 0, , 0, 0, 0, 0, 0, 0, , , , , , , , , , , , , "0", "2021-01-01", , , , , , , , 0, 
"USTR158590", "2020-12-31", "N", "USTR", 2, , , "Y", , , 0, 0, 0, , 0, 0, 0, 0, 0, 0, , , , , , , , , , , , , "0", "2021-01-01", , , , , , , , 0, 
"USTR158692", "2020-12-31", "N", "USTR", 1, , , "N", , , 0, 0, 0, , 0, 0, 0, 0, 0, 0, , , , , , , , , , , , , "0", "2021-01-01", , , , , , , , 0, 
"USTR158692", "2020-12-31", "N", "USTR", 2, , , "Y", , , 0, 0, 0, , 0, 0, 0, 0, 0, 0, , , , , , , , , , , , , "0", "2021-01-01", , , , , , , , 0, 
"USTR1590", "2020-12-31", "N", "USTR", 1, , , "N", , , 0, 0, 0, , 0, 0, 0, 0, 0, 0, , , , , , , , , , , , , "0", "2021-01-01", , , , , , , , 0, 
"USTR1590", "2020-12-31", "N", "USTR", 2, , , "Y", , , 0, 0, 0, , 0, 0, 0, 0, 0, 0, , , , , , , , , , , , , "0", "2021-01-01", , , , , , , , 0, 
"USTR160933", "2020-12-31", "N", "USTR", 1, , , "N", , , 0, 0, 0, , 0, 0, 0, 0, 0, 0, , , , , , , , , , , , , "0", "2021-01-01", , , , , , , , 0, 
"USTR160933", "2020-12-31", "N", "USTR", 2, , , "Y", , , 0, 0, 0, , 0, 0, 0, 0, 0, 0, , , , , , , , , , , , , "0", "2021-01-01", , , , , , , , 0, 
"USTR1617", "2020-12-31", "N", "USTR", 1, , , "N", , , 0, 0, 0, , 0, 0, 0, 0, 0, 0, , , , , , , , , , , , , "0", "2021-01-01", , , , , , , , 0, 
"USTR1617", "2020-12-31", "N", "USTR", 2, , , "Y", , , 0, 0, 0, , 0, 0, 0, 0, 0, 0, , , , , , , , , , , , , "0", "2021-01-01", , , , , , , , 0, 
"USTR163754", "2020-12-31", "N", "USTR", 1, , , "N", , , 0, 0, 0, , 0, 0, 0, 0, 0, 0, , , , , , , , , , , , , "0", "2021-01-01", , , , , , , , 0, 
"USTR163754", "2020-12-31", "N", "USTR", 2, , , "Y", , , 0, 0, 0, , 0, 0, 0, 0, 0, 0, , , , , , , , , , , , , "0", "2021-01-01", , , , , , , , 0, 
"USTR164442", "2020-12-31", "N", "USTR", 1, , , "N", , , 0, 0, 0, , 0, 0, 0, 0, 0, 0, , , , , , , , , , , , , "0", "2021-01-01", , , , , , , , 0, 
"USTR164442", "2020-12-31", "N", "USTR", 2, , , "Y", , , 0, 0, 0, , 0, 0, 0, 0, 0, 0, , , , , , , , , , , , , "0", "2021-01-01", , , , , , , , 0, 
"USTR164848", "2020-12-31", "N", "USTR", 1, , , "N", , , 0, 0, 0, , 0, 0, 0, 0, 0, 0, , , , , , , , , , , , , "0", "2021-01-01", , , , , , , , 0, 
"USTR164848", "2020-12-31", "N", "USTR", 2, , , "Y", , , 0, 0, 0, , 0, 0, 0, 0, 0, 0, , , , , , , , , , , , , "0", "2021-01-01", , , , , , , , 0, 
"USTR165267", "2020-12-31", "N", "USTR", 1, , , "N", , , 0, 0, 0, , 0, 0, 0, 0, 0, 0, , , , , , , , , , , , , "0", "2021-01-01", , , , , , , , 0, 
"USTR165267", "2020-12-31", "N", "USTR", 2, , , "Y", , , 0, 0, 0, , 0, 0, 0, 0, 0, 0, , , , , , , , , , , , , "0", "2021-01-01", , , , , , , , 0, 
"USTR165304", "2020-12-31", "N", "USTR", 1, , , "N", , , 0, 0, 0, , 0, 0, 0, 0, 0, 0, , , , , , , , , , , , , "0", "2021-01-01", , , , , , , , 0, 
"USTR165715", "2020-12-31", "N", "USTR", 1, , , "N", , , 0, 0, 0, , 0, 0, 0, 0, 0, 0, , , , , , , , , , , , , "0", "2021-01-01", , , , , , , , 0, 
"USTR165715", "2020-12-31", "N", "USTR", 2, , , "Y", , , 0, 0, 0, , 0, 0, 0, 0, 0, 0, , , , , , , , , , , , , "0", "2021-01-01", , , , , , , , 0, 
"USTR167836", "2020-12-31", "N", "USTR", 1, , , "N", , , 0, 0, 0, , 0, 0, 0, 0, 0, 0, , , , , , , , , , , , , "0", "2021-01-01", , , , , , , , 0, 
"USTR167836", "2020-12-31", "N", "USTR", 2, , , "Y", , , 0, 0, 0, , 0, 0, 0, 0, 0, 0, , , , , , , , , , , , , "0", "2021-01-01", , , , , , , , 0, 
"USTR168325", "2020-12-31", "N", "USTR", 1, , , "N", , , 0, 0, 0, , 0, 0, 0, 0, 0, 0, , , , , , , , , , , , , "0", "2021-01-01", , , , , , , , 0, 
"USTR170000", "2020-12-31", "N", "USTR", 1, , , "N", , , 0, 0, 0, , 0, 0, 0, 0, 0, 0, , , , , , , , , , , , , "0", "2021-01-01", , , , , , , , 0, 
"USTR170000", "2020-12-31", "N", "USTR", 2, , , "Y", , , 0, 0, 0, , 0, 0, 0, 0, 0, 0, , , , , , , , , , , , , "0", "2021-01-01", , , , , , , , 0, 
"USTR170539", "2020-12-31", "N", "USTR", 1, , , "N", , , 0, 0, 0, , 0, 0, 0, 0, 0, 0, , , , , , , , , , , , , "0", "2021-01-01", , , , , , , , 0, 
"USTR170539", "2020-12-31", "N", "USTR", 2, , , "Y", , , 0, 0, 0, , 0, 0, 0, 0, 0, 0, , , , , , , , , , , , , "0", "2021-01-01", , , , , , , , 0, 
"USTR1708", "2020-12-31", "N", "USTR", 1, , , "N", , , 0, 0, 0, , 0, 0, 0, 0, 0, 0, , , , , , , , , , , , , "0", "2021-01-01", , , , , , , , 0, 
"USTR1708", "2020-12-31", "N", "USTR", 2, , , "Y", , , 0, 0, 0, , 0, 0, 0, 0, 0, 0, , , , , , , , , , , , , "0", "2021-01-01", , , , , , , , 0, 
"USTR170869", "2020-12-31", "N", "USTR", 1, , , "N", , , 0, 0, 0, , 0, 0, 0, 0, 0, 0, , , , , , , , , , , , , "0", "2021-01-01", , , , , , , , 0, 
"USTR170869", "2020-12-31", "N", "USTR", 2, , , "Y", , , 0, 0, 0, , 0, 0, 0, 0, 0, 0, , , , , , , , , , , , , "0", "2021-01-01", , , , , , , , 0, 
"USTR1709", "2020-12-31", "N", "USTR", 1, , , "N", , , 0, 0, 0, , 0, 0, 0, 0, 0, 0, , , , , , , , , , , , , "0", "2021-01-01", , , , , , , , 0, 
"USTR1709", "2020-12-31", "N", "USTR", 2, , , "Y", , , 0, 0, 0, , 0, 0, 0, 0, 0, 0, , , , , , , , , , , , , "0", "2021-01-01", , , , , , , , 0, 
"USTR1710", "2020-12-31", "N", "USTR", 1, , , "N", , , 0, 0, 0, , 0, 0, 0, 0, 0, 0, , , , , , , , , , , , , "0", "2021-01-01", , , , , , , , 0, 
"USTR1710", "2020-12-31", "N", "USTR", 2, , , "Y", , , 0, 0, 0, , 0, 0, 0, 0, 0, 0, , , , , , , , , , , , , "0", "2021-01-01", , , , , , , , 0, 
"USTR1717", "2020-12-31", "N", "USTR", 1, , , "N", , , 0, 0, 0, , 0, 0, 0, 0, 0, 0, , , , , , , , , , , , , "0", "2021-01-01", , , , , , , , 0, 
"USTR1717", "2020-12-31", "N", "USTR", 2, , , "Y", , , 0, 0, 0, , 0, 0, 0, 0, 0, 0, , , , , , , , , , , , , "0", "2021-01-01", , , , , , , , 0, 
"USTR1728", "2020-12-31", "N", "USTR", 1, , , "N", , , 0, 0, 0, , 0, 0, 0, 0, 0, 0, , , , , , , , , , , , , "0", "2021-01-01", , , , , , , , 0, 
"USTR1728", "2020-12-31", "N", "USTR", 2, , , "Y", , , 0, 0, 0, , 0, 0, 0, 0, 0, 0, , , , , , , , , , , , , "0", "2021-01-01", , , , , , , , 0, 
"USTR173634", "2020-12-31", "N", "USTR", 1, , , "N", , , 0, 0, 0, , 0, 0, 0, 0, 0, 0, , , , , , , , , , , , , "0", "2021-01-01", , , , , , , , 0, 
"USTR173634", "2020-12-31", "N", "USTR", 2, , , "Y", , , 0, 0, 0, , 0, 0, 0, 0, 0, 0, , , , , , , , , , , , , "0", "2021-01-01", , , , , , , , 0, 
"USTR175835", "2020-12-31", "N", "USTR", 1, , , "N", , , 0, 0, 0, , 0, 0, 0, 0, 0, 0, , , , , , , , , , , , , "0", "2021-01-01", , , , , , , , 0, 
"USTR175835", "2020-12-31", "N", "USTR", 2, , , "Y", , , 0, 0, 0, , 0, 0, 0, 0, 0, 0, , , , , , , , , , , , , "0", "2021-01-01", , , , , , , , 0, 
"USTR175895", "2020-12-31", "N", "USTR", 1, , , "N", , , 0, 0, 0, , 0, 0, 0, 0, 0, 0, , , , , , , , , , , , , "0", "2021-01-01", , , , , , , , 0, 
"USTR175895", "2020-12-31", "N", "USTR", 2, , , "Y", , , 0, 0, 0, , 0, 0, 0, 0, 0, 0, , , , , , , , , , , , , "0", "2021-01-01", , , , , , , , 0, 
"USTR176020", "2020-12-31", "N", "USTR", 1, , , "N", , , 0, 0, 0, , 0, 0, 0, 0, 0, 0, , , , , , , , , , , , , "0", "2021-01-01", , , , , , , , 0, 
"USTR176020", "2020-12-31", "N", "USTR", 2, , , "Y", , , 0, 0, 0, , 0, 0, 0, 0, 0, 0, , , , , , , , , , , , , "0", "2021-01-01", , , , , , , , 0, 
"USTR177901", "2020-12-31", "N", "USTR", 1, , , "N", , , 0, 0, 0, , 0, 0, 0, 0, 0, 0, , , , , , , , , , , , , "0", "2021-01-01", , , , , , , , 0, 
"USTR177901", "2020-12-31", "N", "USTR", 2, , , "Y", , , 0, 0, 0, , 0, 0, 0, 0, 0, 0, , , , , , , , , , , , , "0", "2021-01-01", , , , , , , , 0, 
"USTR183226", "2020-12-31", "N", "USTR", 1, , , "N", , , 0, 0, 0, , 0, 0, 0, 0, 0, 0, , , , , , , , , , , , , "0", "2021-01-01", , , , , , , , 0, 
"USTR183226", "2020-12-31", "N", "USTR", 2, , , "Y", , , 0, 0, 0, , 0, 0, 0, 0, 0, 0, , , , , , , , , , , , , "0", "2021-01-01", , , , , , , , 0, 
"USTR185833", "2020-12-31", "N", "USTR", 1, , , "N", , , 0, 0, 0, , 0, 0, 0, 0, 0, 0, , , , , , , , , , , , , "0", "2021-01-01", , , , , , , , 0, 
"USTR185833", "2020-12-31", "N", "USTR", 2, , , "Y", , , 0, 0, 0, , 0, 0, 0, 0, 0, 0, , , , , , , , , , , , , "0", "2021-01-01", , , , , , , , 0, 
"USTR186734", "2020-12-31", "N", "USTR", 1, , , "N", , , 0, 0, 0, , 0, 0, 0, 0, 0, 0, , , , , , , , , , , , , "0", "2021-01-01", , , , , , , , 0, 
"USTR186734", "2020-12-31", "N", "USTR", 2, , , "Y", , , 0, 0, 0, , 0, 0, 0, 0, 0, 0, , , , , , , , , , , , , "0", "2021-01-01", , , , , , , , 0, 
"USTR189043", "2020-12-31", "N", "USTR", 1, , , "N", , , 0, 0, 0, , 0, 0, 0, 0, 0, 0, , , , , , , , , , , , , "0", "2021-01-01", , , , , , , , 0, 
"USTR189043", "2020-12-31", "N", "USTR", 2, , , "Y", , , 0, 0, 0, , 0, 0, 0, 0, 0, 0, , , , , , , , , , , , , "0", "2021-01-01", , , , , , , , 0, 
"USTR191654", "2020-12-31", "N", "USTR", 1, , , "N", , , 0, 0, 0, , 0, 0, 0, 0, 0, 0, , , , , , , , , , , , , "0", "2021-01-01", , , , , , , , 0, 
"USTR191654", "2020-12-31", "N", "USTR", 2, , , "Y", , , 0, 0, 0, , 0, 0, 0, 0, 0, 0, , , , , , , , , , , , , "0", "2021-01-01", , , , , , , , 0, 
"USTR193244", "2020-12-31", "N", "USTR", 1, , , "N", , , 0, 0, 0, , 0, 0, 0, 0, 0, 0, , , , , , , , , , , , , "0", "2021-01-01", , , , , , , , 0, 
"USTR193244", "2020-12-31", "N", "USTR", 2, , , "Y", , , 0, 0, 0, , 0, 0, 0, 0, 0, 0, , , , , , , , , , , , , "0", "2021-01-01", , , , , , , , 0, 
"USTR194424", "2020-12-31", "N", "USTR", 1, , , "N", , , 0, 0, 0, , 0, 0, 0, 0, 0, 0, , , , , , , , , , , , , "0", "2021-01-01", , , , , , , , 0, 
"USTR194424", "2020-12-31", "N", "USTR", 2, , , "Y", , , 0, 0, 0, , 0, 0, 0, 0, 0, 0, , , , , , , , , , , , , "0", "2021-01-01", , , , , , , , 0, 
"USTR194767", "2020-12-31", "N", "USTR", 1, , , "N", , , 0, 0, 0, , 0, 0, 0, 0, 0, 0, , , , , , , , , , , , , "0", "2021-01-01", , , , , , , , 0, 
"USTR194767", "2020-12-31", "N", "USTR", 2, , , "Y", , , 0, 0, 0, , 0, 0, 0, 0, 0, 0, , , , , , , , , , , , , "0", "2021-01-01", , , , , , , , 0, 
"USTR194857", "2020-12-31", "N", "USTR", 1, , , "N", , , 0, 0, 0, , 0, 0, 0, 0, 0, 0, , , , , , , , , , , , , "0", "2021-01-01", , , , , , , , 0, 
"USTR194857", "2020-12-31", "N", "USTR", 2, , , "Y", , , 0, 0, 0, , 0, 0, 0, 0, 0, 0, , , , , , , , , , , , , "0", "2021-01-01", , , , , , , , 0, 
"USTR194888", "2020-12-31", "N", "USTR", 1, , , "N", , , 0, 0, 0, , 0, 0, 0, 0, 0, 0, , , , , , , , , , , , , "0", "2021-01-01", , , , , , , , 0, 
"USTR194888", "2020-12-31", "N", "USTR", 2, , , "Y", , , 0, 0, 0, , 0, 0, 0, 0, 0, 0, , , , , , , , , , , , , "0", "2021-01-01", , , , , , , , 0, 
"USTR196107", "2020-12-31", "N", "USTR", 1, , , "N", , , 0, 0, 0, , 0, 0, 0, 0, 0, 0, , , , , , , , , , , , , "0", "2021-01-01", , , , , , , , 0, 
"USTR196107", "2020-12-31", "N", "USTR", 2, , , "Y", , , 0, 0, 0, , 0, 0, 0, 0, 0, 0, , , , , , , , , , , , , "0", "2021-01-01", , , , , , , , 0, 
"USTR196617", "2020-12-31", "N", "USTR", 1, , , "N", , , 0, 0, 0, , 0, 0, 0, 0, 0, 0, , , , , , , , , , , , , "0", "2021-01-01", , , , , , , , 0, 
"USTR196617", "2020-12-31", "N", "USTR", 2, , , "Y", , , 0, 0, 0, , 0, 0, 0, 0, 0, 0, , , , , , , , , , , , , "0", "2021-01-01", , , , , , , , 0, 
"USTR197083", "2020-12-31", "N", "USTR", 1, , , "N", , , 0, 0, 0, , 0, 0, 0, 0, 0, 0, , , , , , , , , , , , , "0", "2021-01-01", , , , , , , , 0, 
"USTR197083", "2020-12-31", "N", "USTR", 2, , , "Y", , , 0, 0, 0, , 0, 0, 0, 0, 0, 0, , , , , , , , , , , , , "0", "2021-01-01", , , , , , , , 0, 
"USTR197597", "2020-12-31", "N", "USTR", 1, , , "N", , , 0, 0, 0, , 0, 0, 0, 0, 0, 0, , , , , , , , , , , , , "0", "2021-01-01", , , , , , , , 0, 
"USTR197597", "2020-12-31", "N", "USTR", 2, , , "Y", , , 0, 0, 0, , 0, 0, 0, 0, 0, 0, , , , , , , , , , , , , "0", "2021-01-01", , , , , , , , 0, 
"USTR199595", "2020-12-31", "N", "USTR", 1, , , "N", , , 0, 0, 0, , 0, 0, 0, 0, 0, 0, , , , , , , , , , , , , "0", "2021-01-01", , , , , , , , 0, 
"USTR199595", "2020-12-31", "N", "USTR", 2, , , "Y", , , 0, 0, 0, , 0, 0, 0, 0, 0, 0, , , , , , , , , , , , , "0", "2021-01-01", , , , , , , , 0, 
"USTR20", "2020-12-31", "N", "USTR", 1, , , "N", , , 0, 0, 0, , 0, 0, 0, 0, 0, 0, , , , , , , , , , , , , "0", "2021-01-01", , , , , , , , 0, 
"USTR20", "2020-12-31", "N", "USTR", 2, , , "Y", , , 0, 0, 0, , 0, 0, 0, 0, 0, 0, , , , , , , , , , , , , "0", "2021-01-01", , , , , , , , 0, 
"USTR205", "2020-12-31", "N", "USTR", 1, , , "N", , , 0, 0, 0, , 0, 0, 0, 0, 0, 0, , , , , , , , , , , , , "0", "2021-01-01", , , , , , , , 0, 
"USTR205", "2020-12-31", "N", "USTR", 2, , , "Y", , , 0, 0, 0, , 0, 0, 0, 0, 0, 0, , , , , , , , , , , , , "0", "2021-01-01", , , , , , , , 0, 
"USTR2071", "2020-12-31", "N", "USTR", 1, , , "N", , , 0, 0, 0, , 0, 0, 0, 0, 0, 0, , , , , , , , , , , , , "0", "2021-01-01", , , , , , , , 0, 
"USTR2071", "2020-12-31", "N", "USTR", 2, , , "Y", , , 0, 0, 0, , 0, 0, 0, 0, 0, 0, , , , , , , , , , , , , "0", "2021-01-01", , , , , , , , 0, 
"USTR2139", "2020-12-31", "N", "USTR", 1, , , "N", , , 0, 0, 0, , 0, 0, 0, 0, 0, 0, , , , , , , , , , , , , "0", "2021-01-01", , , , , , , , 0, 
"USTR2139", "2020-12-31", "N", "USTR", 2, , , "Y", , , 0, 0, 0, , 0, 0, 0, 0, 0, 0, , , , , , , , , , , , , "0", "2021-01-01", , , , , , , , 0, 
"USTR2152", "2020-12-31", "N", "USTR", 1, , , "N", , , 0, 0, 0, , 0, 0, 0, 0, 0, 0, , , , , , , , , , , , , "0", "2021-01-01", , , , , , , , 0, 
"USTR2152", "2020-12-31", "N", "USTR", 2, , , "Y", , , 0, 0, 0, , 0, 0, 0, 0, 0, 0, , , , , , , , , , , , , "0", "2021-01-01", , , , , , , , 0, 
"USTR2157", "2020-12-31", "N", "USTR", 1, , , "N", , , 0, 0, 0, , 0, 0, 0, 0, 0, 0, , , , , , , , , , , , , "0", "2021-01-01", , , , , , , , 0, 
"USTR2157", "2020-12-31", "N", "USTR", 2, , , "Y", , , 0, 0, 0, , 0, 0, 0, 0, 0, 0, , , , , , , , , , , , , "0", "2021-01-01", , , , , , , , 0, 
"USTR2179", "2020-12-31", "N", "USTR", 1, , , "N", , , 0, 0, 0, , 0, 0, 0, 0, 0, 0, , , , , , , , , , , , , "0", "2021-01-01", , , , , , , , 0, 
"USTR2179", "2020-12-31", "N", "USTR", 2, , , "Y", , , 0, 0, 0, , 0, 0, 0, 0, 0, 0, , , , , , , , , , , , , "0", "2021-01-01", , , , , , , , 0, 
"USTR2180", "2020-12-31", "N", "USTR", 1, , , "N", , , 0, 0, 0, , 0, 0, 0, 0, 0, 0, , , , , , , , , , , , , "0", "2021-01-01", , , , , , , , 0, 
"USTR2180", "2020-12-31", "N", "USTR", 2, , , "Y", , , 0, 0, 0, , 0, 0, 0, 0, 0, 0, , , , , , , , , , , , , "0", "2021-01-01", , , , , , , , 0, 
"USTR2181", "2020-12-31", "N", "USTR", 1, , , "N", , , 0, 0, 0, , 0, 0, 0, 0, 0, 0, , , , , , , , , , , , , "0", "2021-01-01", , , , , , , , 0, 
"USTR2181", "2020-12-31", "N", "USTR", 2, , , "Y", , , 0, 0, 0, , 0, 0, 0, 0, 0, 0, , , , , , , , , , , , , "0", "2021-01-01", , , , , , , , 0, 
"USTR2243", "2020-12-31", "N", "USTR", 1, , , "N", , , 0, 0, 0, , 0, 0, 0, 0, 0, 0, , , , , , , , , , , , , "0", "2021-01-01", , , , , , , , 0, 
"USTR2243", "2020-12-31", "N", "USTR", 2, , , "Y", , , 0, 0, 0, , 0, 0, 0, 0, 0, 0, , , , , , , , , , , , , "0", "2021-01-01", , , , , , , , 0, 
"USTR2245", "2020-12-31", "N", "USTR", 1, , , "N", , , 0, 0, 0, , 0, 0, 0, 0, 0, 0, , , , , , , , , , , , , "0", "2021-01-01", , , , , , , , 0, 
"USTR2245", "2020-12-31", "N", "USTR", 2, , , "Y", , , 0, 0, 0, , 0, 0, 0, 0, 0, 0, , , , , , , , , , , , , "0", "2021-01-01", , , , , , , , 0, 
"USTR2249", "2020-12-31", "N", "USTR", 1, , , "N", , , 0, 0, 0, , 0, 0, 0, 0, 0, 0, , , , , , , , , , , , , "0", "2021-01-01", , , , , , , , 0, 
"USTR2249", "2020-12-31", "N", "USTR", 2, , , "Y", , , 0, 0, 0, , 0, 0, 0, 0, 0, 0, , , , , , , , , , , , , "0", "2021-01-01", , , , , , , , 0, 
"USTR2293", "2020-12-31", "N", "USTR", 1, , , "N", , , 0, 0, 0, , 0, 0, 0, 0, 0, 0, , , , , , , , , , , , , "0", "2021-01-01", , , , , , , , 0, 
"USTR2293", "2020-12-31", "N", "USTR", 2, , , "Y", , , 0, 0, 0, , 0, 0, 0, 0, 0, 0, , , , , , , , , , , , , "0", "2021-01-01", , , , , , , , 0, 
"USTR2309", "2020-12-31", "N", "USTR", 1, , , "N", , , 0, 0, 0, , 0, 0, 0, 0, 0, 0, , , , , , , , , , , , , "0", "2021-01-01", , , , , , , , 0, 
"USTR2309", "2020-12-31", "N", "USTR", 2, , , "Y", , , 0, 0, 0, , 0, 0, 0, 0, 0, 0, , , , , , , , , , , , , "0", "2021-01-01", , , , , , , , 0, 
"USTR2319", "2020-12-31", "N", "USTR", 1, , , "N", , , 0, 0, 0, , 0, 0, 0, 0, 0, 0, , , , , , , , , , , , , "0", "2021-01-01", , , , , , , , 0, 
"USTR2319", "2020-12-31", "N", "USTR", 2, , , "Y", , , 0, 0, 0, , 0, 0, 0, 0, 0, 0, , , , , , , , , , , , , "0", "2021-01-01", , , , , , , , 0, 
"USTR2393", "2020-12-31", "N", "USTR", 1, , , "N", , , 0, 0, 0, , 0, 0, 0, 0, 0, 0, , , , , , , , , , , , , "0", "2021-01-01", , , , , , , , 0, 
"USTR2393", "2020-12-31", "N", "USTR", 2, , , "Y", , , 0, 0, 0, , 0, 0, 0, 0, 0, 0, , , , , , , , , , , , , "0", "2021-01-01", , , , , , , , 0, 
"USTR2517", "2020-12-31", "N", "USTR", 1, , , "N", , , 0, 0, 0, , 0, 0, 0, 0, 0, 0, , , , , , , , , , , , , "0", "2021-01-01", , , , , , , , 0, 
"USTR2517", "2020-12-31", "N", "USTR", 2, , , "Y", , , 0, 0, 0, , 0, 0, 0, 0, 0, 0, , , , , , , , , , , , , "0", "2021-01-01", , , , , , , , 0, 
"USTR2543", "2020-12-31", "N", "USTR", 1, , , "N", , , 0, 0, 0, , 0, 0, 0, 0, 0, 0, , , , , , , , , , , , , "0", "2021-01-01", , , , , , , , 0, 
"USTR2543", "2020-12-31", "N", "USTR", 2, , , "Y", , , 0, 0, 0, , 0, 0, 0, 0, 0, 0, , , , , , , , , , , , , "0", "2021-01-01", , , , , , , , 0, 
"USTR2628", "2020-12-31", "N", "USTR", 1, , , "N", , , 0, 0, 0, , 0, 0, 0, 0, 0, 0, , , , , , , , , , , , , "0", "2021-01-01", , , , , , , , 0, 
"USTR2628", "2020-12-31", "N", "USTR", 2, , , "Y", , , 0, 0, 0, , 0, 0, 0, 0, 0, 0, , , , , , , , , , , , , "0", "2021-01-01", , , , , , , , 0, 
"USTR2693", "2020-12-31", "N", "USTR", 1, , , "N", , , 0, 0, 0, , 0, 0, 0, 0, 0, 0, , , , , , , , , , , , , "0", "2021-01-01", , , , , , , , 0, 
"USTR2693", "2020-12-31", "N", "USTR", 2, , , "Y", , , 0, 0, 0, , 0, 0, 0, 0, 0, 0, , , , , , , , , , , , , "0", "2021-01-01", , , , , , , , 0, 
"USTR2764", "2020-12-31", "N", "USTR", 1, , , "N", , , 0, 0, 0, , 0, 0, 0, 0, 0, 0, , , , , , , , , , , , , "0", "2021-01-01", , , , , , , , 0, 
"USTR2764", "2020-12-31", "N", "USTR", 2, , , "Y", , , 0, 0, 0, , 0, 0, 0, 0, 0, 0, , , , , , , , , , , , , "0", "2021-01-01", , , , , , , , 0, 
"USTR2767", "2020-12-31", "N", "USTR", 1, , , "N", , , 0, 0, 0, , 0, 0, 0, 0, 0, 0, , , , , , , , , , , , , "0", "2021-01-01", , , , , , , , 0, 
"USTR2767", "2020-12-31", "N", "USTR", 2, , , "Y", , , 0, 0, 0, , 0, 0, 0, 0, 0, 0, , , , , , , , , , , , , "0", "2021-01-01", , , , , , , , 0, 
"USTR2855", "2020-12-31", "N", "USTR", 1, , , "N", , , 0, 0, 0, , 0, 0, 0, 0, 0, 0, , , , , , , , , , , , , "0", "2021-01-01", , , , , , , , 0, 
"USTR2855", "2020-12-31", "N", "USTR", 2, , , "Y", , , 0, 0, 0, , 0, 0, 0, 0, 0, 0, , , , , , , , , , , , , "0", "2021-01-01", , , , , , , , 0, 
"USTR2892", "2020-12-31", "N", "USTR", 1, , , "N", , , 0, 0, 0, , 0, 0, 0, 0, 0, 0, , , , , , , , , , , , , "0", "2021-01-01", , , , , , , , 0, 
"USTR2892", "2020-12-31", "N", "USTR", 2, , , "Y", , , 0, 0, 0, , 0, 0, 0, 0, 0, 0, , , , , , , , , , , , , "0", "2021-01-01", , , , , , , , 0, 
"USTR2897", "2020-12-31", "N", "USTR", 1, , , "N", , , 0, 0, 0, , 0, 0, 0, 0, 0, 0, , , , , , , , , , , , , "0", "2021-01-01", , , , , , , , 0, 
"USTR2897", "2020-12-31", "N", "USTR", 2, , , "Y", , , 0, 0, 0, , 0, 0, 0, 0, 0, 0, , , , , , , , , , , , , "0", "2021-01-01", , , , , , , , 0, 
"USTR2911", "2020-12-31", "N", "USTR", 1, , , "N", , , 0, 0, 0, , 0, 0, 0, 0, 0, 0, , , , , , , , , , , , , "0", "2021-01-01", , , , , , , , 0, 
"USTR2911", "2020-12-31", "N", "USTR", 2, , , "Y", , , 0, 0, 0, , 0, 0, 0, 0, 0, 0, , , , , , , , , , , , , "0", "2021-01-01", , , , , , , , 0, 
"USTR2912", "2020-12-31", "N", "USTR", 1, , , "N", , , 0, 0, 0, , 0, 0, 0, 0, 0, 0, , , , , , , , , , , , , "0", "2021-01-01", , , , , , , , 0, 
"USTR2922", "2020-12-31", "N", "USTR", 1, , , "N", , , 0, 0, 0, , 0, 0, 0, 0, 0, 0, , , , , , , , , , , , , "0", "2021-01-01", , , , , , , , 0, 
"USTR2922", "2020-12-31", "N", "USTR", 2, , , "Y", , , 0, 0, 0, , 0, 0, 0, 0, 0, 0, , , , , , , , , , , , , "0", "2021-01-01", , , , , , , , 0, 
"USTR2941", "2020-12-31", "N", "USTR", 1, , , "N", , , 0, 0, 0, , 0, 0, 0, 0, 0, 0, , , , , , , , , , , , , "0", "2021-01-01", , , , , , , , 0, 
"USTR2995", "2020-12-31", "N", "USTR", 1, , , "N", , , 0, 0, 0, , 0, 0, 0, 0, 0, 0, , , , , , , , , , , , , "0", "2021-01-01", , , , , , , , 0, 
"USTR2995", "2020-12-31", "N", "USTR", 2, , , "Y", , , 0, 0, 0, , 0, 0, 0, 0, 0, 0, , , , , , , , , , , , , "0", "2021-01-01", , , , , , , , 0, 
"USTR3010", "2020-12-31", "N", "USTR", 1, , , "N", , , 0, 0, 0, , 0, 0, 0, 0, 0, 0, , , , , , , , , , , , , "0", "2021-01-01", , , , , , , , 0, 
"USTR3010", "2020-12-31", "N", "USTR", 2, , , "Y", , , 0, 0, 0, , 0, 0, 0, 0, 0, 0, , , , , , , , , , , , , "0", "2021-01-01", , , , , , , , 0, 
"USTR303", "2020-12-31", "N", "USTR", 1, , , "N", , , 0, 0, 0, , 0, 0, 0, 0, 0, 0, , , , , , , , , , , , , "0", "2021-01-01", , , , , , , , 0, 
"USTR303", "2020-12-31", "N", "USTR", 2, , , "Y", , , 0, 0, 0, , 0, 0, 0, 0, 0, 0, , , , , , , , , , , , , "0", "2021-01-01", , , , , , , , 0, 
"USTR3083", "2020-12-31", "N", "USTR", 1, , , "N", , , 0, 0, 0, , 0, 0, 0, 0, 0, 0, , , , , , , , , , , , , "0", "2021-01-01", , , , , , , , 0, 
"USTR3083", "2020-12-31", "N", "USTR", 2, , , "Y", , , 0, 0, 0, , 0, 0, 0, 0, 0, 0, , , , , , , , , , , , , "0", "2021-01-01", , , , , , , , 0, 
"USTR3093", "2020-12-31", "N", "USTR", 1, , , "N", , , 0, 0, 0, , 0, 0, 0, 0, 0, 0, , , , , , , , , , , , , "0", "2021-01-01", , , , , , , , 0, 
"USTR3093", "2020-12-31", "N", "USTR", 2, , , "Y", , , 0, 0, 0, , 0, 0, 0, 0, 0, 0, , , , , , , , , , , , , "0", "2021-01-01", , , , , , , , 0, 
"USTR3165", "2020-12-31", "N", "USTR", 1, , , "N", , , 0, 0, 0, , 0, 0, 0, 0, 0, 0, , , , , , , , , , , , , "0", "2021-01-01", , , , , , , , 0, 
"USTR3165", "2020-12-31", "N", "USTR", 2, , , "Y", , , 0, 0, 0, , 0, 0, 0, 0, 0, 0, , , , , , , , , , , , , "0", "2021-01-01", , , , , , , , 0, 
"USTR3218", "2020-12-31", "N", "USTR", 1, , , "N", , , 0, 0, 0, , 0, 0, 0, 0, 0, 0, , , , , , , , , , , , , "0", "2021-01-01", , , , , , , , 0, 
"USTR3218", "2020-12-31", "N", "USTR", 2, , , "Y", , , 0, 0, 0, , 0, 0, 0, 0, 0, 0, , , , , , , , , , , , , "0", "2021-01-01", , , , , , , , 0, 
"USTR3219", "2020-12-31", "N", "USTR", 1, , , "N", , , 0, 0, 0, , 0, 0, 0, 0, 0, 0, , , , , , , , , , , , , "0", "2021-01-01", , , , , , , , 0, 
"USTR3219", "2020-12-31", "N", "USTR", 2, , , "Y", , , 0, 0, 0, , 0, 0, 0, 0, 0, 0, , , , , , , , , , , , , "0", "2021-01-01", , , , , , , , 0, 
"USTR3230", "2020-12-31", "N", "USTR", 1, , , "N", , , 0, 0, 0, , 0, 0, 0, 0, 0, 0, , , , , , , , , , , , , "0", "2021-01-01", , , , , , , , 0, 
"USTR3230", "2020-12-31", "N", "USTR", 2, , , "Y", , , 0, 0, 0, , 0, 0, 0, 0, 0, 0, , , , , , , , , , , , , "0", "2021-01-01", , , , , , , , 0, 
"USTR3248", "2020-12-31", "N", "USTR", 1, , , "N", , , 0, 0, 0, , 0, 0, 0, 0, 0, 0, , , , , , , , , , , , , "0", "2021-01-01", , , , , , , , 0, 
"USTR3248", "2020-12-31", "N", "USTR", 2, , , "Y", , , 0, 0, 0, , 0, 0, 0, 0, 0, 0, , , , , , , , , , , , , "0", "2021-01-01", , , , , , , , 0, 
"USTR3255", "2020-12-31", "N", "USTR", 1, , , "N", , , 0, 0, 0, , 0, 0, 0, 0, 0, 0, , , , , , , , , , , , , "0", "2021-01-01", , , , , , , , 0, 
"USTR3255", "2020-12-31", "N", "USTR", 2, , , "Y", , , 0, 0, 0, , 0, 0, 0, 0, 0, 0, , , , , , , , , , , , , "0", "2021-01-01", , , , , , , , 0, 
"USTR3281", "2020-12-31", "N", "USTR", 1, , , "N", , , 0, 0, 0, , 0, 0, 0, 0, 0, 0, , , , , , , , , , , , , "0", "2021-01-01", , , , , , , , 0, 
"USTR3281", "2020-12-31", "N", "USTR", 2, , , "Y", , , 0, 0, 0, , 0, 0, 0, 0, 0, 0, , , , , , , , , , , , , "0", "2021-01-01", , , , , , , , 0, 
"USTR3327", "2020-12-31", "N", "USTR", 1, , , "N", , , 0, 0, 0, , 0, 0, 0, 0, 0, 0, , , , , , , , , , , , , "0", "2021-01-01", , , , , , , , 0, 
"USTR3327", "2020-12-31", "N", "USTR", 2, , , "Y", , , 0, 0, 0, , 0, 0, 0, 0, 0, 0, , , , , , , , , , , , , "0", "2021-01-01", , , , , , , , 0, 
"USTR3329", "2020-12-31", "N", "USTR", 1, , , "N", , , 0, 0, 0, , 0, 0, 0, 0, 0, 0, , , , , , , , , , , , , "0", "2021-01-01", , , , , , , , 0, 
"USTR3329", "2020-12-31", "N", "USTR", 2, , , "Y", , , 0, 0, 0, , 0, 0, 0, 0, 0, 0, , , , , , , , , , , , , "0", "2021-01-01", , , , , , , , 0, 
"USTR3369", "2020-12-31", "N", "USTR", 1, , , "N", , , 0, 0, 0, , 0, 0, 0, 0, 0, 0, , , , , , , , , , , , , "0", "2021-01-01", , , , , , , , 0, 
"USTR3369", "2020-12-31", "N", "USTR", 2, , , "Y", , , 0, 0, 0, , 0, 0, 0, 0, 0, 0, , , , , , , , , , , , , "0", "2021-01-01", , , , , , , , 0, 
"USTR3434", "2020-12-31", "N", "USTR", 1, , , "N", , , 0, 0, 0, , 0, 0, 0, 0, 0, 0, , , , , , , , , , , , , "0", "2021-01-01", , , , , , , , 0, 
"USTR3434", "2020-12-31", "N", "USTR", 2, , , "Y", , , 0, 0, 0, , 0, 0, 0, 0, 0, 0, , , , , , , , , , , , , "0", "2021-01-01", , , , , , , , 0, 
"USTR346", "2020-12-31", "N", "USTR", 1, , , "N", , , 0, 0, 0, , 0, 0, 0, 0, 0, 0, , , , , , , , , , , , , "0", "2021-01-01", , , , , , , , 0, 
"USTR346", "2020-12-31", "N", "USTR", 2, , , "Y", , , 0, 0, 0, , 0, 0, 0, 0, 0, 0, , , , , , , , , , , , , "0", "2021-01-01", , , , , , , , 0, 
"USTR3618", "2020-12-31", "N", "USTR", 1, , , "N", , , 0, 0, 0, , 0, 0, 0, 0, 0, 0, , , , , , , , , , , , , "0", "2021-01-01", , , , , , , , 0, 
"USTR3618", "2020-12-31", "N", "USTR", 2, , , "Y", , , 0, 0, 0, , 0, 0, 0, 0, 0, 0, , , , , , , , , , , , , "0", "2021-01-01", , , , , , , , 0, 
"USTR3699", "2020-12-31", "N", "USTR", 1, , , "N", , , 0, 0, 0, , 0, 0, 0, 0, 0, 0, , , , , , , , , , , , , "0", "2021-01-01", , , , , , , , 0, 
"USTR3699", "2020-12-31", "N", "USTR", 2, , , "Y", , , 0, 0, 0, , 0, 0, 0, 0, 0, 0, , , , , , , , , , , , , "0", "2021-01-01", , , , , , , , 0, 
"USTR3716", "2020-12-31", "N", "USTR", 1, , , "N", , , 0, 0, 0, , 0, 0, 0, 0, 0, 0, , , , , , , , , , , , , "0", "2021-01-01", , , , , , , , 0, 
"USTR3716", "2020-12-31", "N", "USTR", 2, , , "Y", , , 0, 0, 0, , 0, 0, 0, 0, 0, 0, , , , , , , , , , , , , "0", "2021-01-01", , , , , , , , 0, 
"USTR3717", "2020-12-31", "N", "USTR", 1, , , "N", , , 0, 0, 0, , 0, 0, 0, 0, 0, 0, , , , , , , , , , , , , "0", "2021-01-01", , , , , , , , 0, 
"USTR3717", "2020-12-31", "N", "USTR", 2, , , "Y", , , 0, 0, 0, , 0, 0, 0, 0, 0, 0, , , , , , , , , , , , , "0", "2021-01-01", , , , , , , , 0, 
"USTR3742", "2020-12-31", "N", "USTR", 1, , , "N", , , 0, 0, 0, , 0, 0, 0, 0, 0, 0, , , , , , , , , , , , , "0", "2021-01-01", , , , , , , , 0, 
"USTR3742", "2020-12-31", "N", "USTR", 2, , , "Y", , , 0, 0, 0, , 0, 0, 0, 0, 0, 0, , , , , , , , , , , , , "0", "2021-01-01", , , , , , , , 0, 
"USTR3773", "2020-12-31", "N", "USTR", 1, , , "N", , , 0, 0, 0, , 0, 0, 0, 0, 0, 0, , , , , , , , , , , , , "0", "2021-01-01", , , , , , , , 0, 
"USTR3773", "2020-12-31", "N", "USTR", 2, , , "Y", , , 0, 0, 0, , 0, 0, 0, 0, 0, 0, , , , , , , , , , , , , "0", "2021-01-01", , , , , , , , 0, 
"USTR3774", "2020-12-31", "N", "USTR", 1, , , "N", , , 0, 0, 0, , 0, 0, 0, 0, 0, 0, , , , , , , , , , , , , "0", "2021-01-01", , , , , , , , 0, 
"USTR3774", "2020-12-31", "N", "USTR", 2, , , "Y", , , 0, 0, 0, , 0, 0, 0, 0, 0, 0, , , , , , , , , , , , , "0", "2021-01-01", , , , , , , , 0, 
"USTR3841", "2020-12-31", "N", "USTR", 1, , , "N", , , 0, 0, 0, , 0, 0, 0, 0, 0, 0, , , , , , , , , , , , , "0", "2021-01-01", , , , , , , , 0, 
"USTR3841", "2020-12-31", "N", "USTR", 2, , , "Y", , , 0, 0, 0, , 0, 0, 0, 0, 0, 0, , , , , , , , , , , , , "0", "2021-01-01", , , , , , , , 0, 
"USTR3845", "2020-12-31", "N", "USTR", 1, , , "N", , , 0, 0, 0, , 0, 0, 0, 0, 0, 0, , , , , , , , , , , , , "0", "2021-01-01", , , , , , , , 0, 
"USTR3845", "2020-12-31", "N", "USTR", 2, , , "Y", , , 0, 0, 0, , 0, 0, 0, 0, 0, 0, , , , , , , , , , , , , "0", "2021-01-01", , , , , , , , 0, 
"USTR3865", "2020-12-31", "N", "USTR", 1, , , "N", , , 0, 0, 0, , 0, 0, 0, 0, 0, 0, , , , , , , , , , , , , "0", "2021-01-01", , , , , , , , 0, 
"USTR3865", "2020-12-31", "N", "USTR", 2, , , "Y", , , 0, 0, 0, , 0, 0, 0, 0, 0, 0, , , , , , , , , , , , , "0", "2021-01-01", , , , , , , , 0, 
"USTR3871", "2020-12-31", "N", "USTR", 1, , , "N", , , 0, 0, 0, , 0, 0, 0, 0, 0, 0, , , , , , , , , , , , , "0", "2021-01-01", , , , , , , , 0, 
"USTR3871", "2020-12-31", "N", "USTR", 2, , , "Y", , , 0, 0, 0, , 0, 0, 0, 0, 0, 0, , , , , , , , , , , , , "0", "2021-01-01", , , , , , , , 0, 
"USTR3906", "2020-12-31", "N", "USTR", 1, , , "N", , , 0, 0, 0, , 0, 0, 0, 0, 0, 0, , , , , , , , , , , , , "0", "2021-01-01", , , , , , , , 0, 
"USTR3906", "2020-12-31", "N", "USTR", 2, , , "Y", , , 0, 0, 0, , 0, 0, 0, 0, 0, 0, , , , , , , , , , , , , "0", "2021-01-01", , , , , , , , 0, 
"USTR3908", "2020-12-31", "N", "USTR", 1, , , "N", , , 0, 0, 0, , 0, 0, 0, 0, 0, 0, , , , , , , , , , , , , "0", "2021-01-01", , , , , , , , 0, 
"USTR3908", "2020-12-31", "N", "USTR", 2, , , "Y", , , 0, 0, 0, , 0, 0, 0, 0, 0, 0, , , , , , , , , , , , , "0", "2021-01-01", , , , , , , , 0, 
"USTR3911", "2020-12-31", "N", "USTR", 1, , , "N", , , 0, 0, 0, , 0, 0, 0, 0, 0, 0, , , , , , , , , , , , , "0", "2021-01-01", , , , , , , , 0, 
"USTR3911", "2020-12-31", "N", "USTR", 2, , , "Y", , , 0, 0, 0, , 0, 0, 0, 0, 0, 0, , , , , , , , , , , , , "0", "2021-01-01", , , , , , , , 0, 
"USTR3915", "2020-12-31", "N", "USTR", 1, , , "N", , , 0, 0, 0, , 0, 0, 0, 0, 0, 0, , , , , , , , , , , , , "0", "2021-01-01", , , , , , , , 0, 
"USTR3915", "2020-12-31", "N", "USTR", 2, , , "Y", , , 0, 0, 0, , 0, 0, 0, 0, 0, 0, , , , , , , , , , , , , "0", "2021-01-01", , , , , , , , 0, 
"USTR3919", "2020-12-31", "N", "USTR", 1, , , "N", , , 0, 0, 0, , 0, 0, 0, 0, 0, 0, , , , , , , , , , , , , "0", "2021-01-01", , , , , , , , 0, 
"USTR3920", "2020-12-31", "N", "USTR", 1, , , "N", , , 0, 0, 0, , 0, 0, 0, 0, 0, 0, , , , , , , , , , , , , "0", "2021-01-01", , , , , , , , 0, 
"USTR3920", "2020-12-31", "N", "USTR", 2, , , "Y", , , 0, 0, 0, , 0, 0, 0, 0, 0, 0, , , , , , , , , , , , , "0", "2021-01-01", , , , , , , , 0, 
"USTR402", "2020-12-31", "N", "USTR", 1, , , "N", , , 0, 0, 0, , 0, 0, 0, 0, 0, 0, , , , , , , , , , , , , "0", "2021-01-01", , , , , , , , 0, 
"USTR402", "2020-12-31", "N", "USTR", 2, , , "Y", , , 0, 0, 0, , 0, 0, 0, 0, 0, 0, , , , , , , , , , , , , "0", "2021-01-01", , , , , , , , 0, 
"USTR4048", "2020-12-31", "N", "USTR", 1, , , "N", , , 0, 0, 0, , 0, 0, 0, 0, 0, 0, , , , , , , , , , , , , "0", "2021-01-01", , , , , , , , 0, 
"USTR4048", "2020-12-31", "N", "USTR", 2, , , "Y", , , 0, 0, 0, , 0, 0, 0, 0, 0, 0, , , , , , , , , , , , , "0", "2021-01-01", , , , , , , , 0, 
"USTR4049", "2020-12-31", "N", "USTR", 1, , , "N", , , 0, 0, 0, , 0, 0, 0, 0, 0, 0, , , , , , , , , , , , , "0", "2021-01-01", , , , , , , , 0, 
"USTR4049", "2020-12-31", "N", "USTR", 2, , , "Y", , , 0, 0, 0, , 0, 0, 0, 0, 0, 0, , , , , , , , , , , , , "0", "2021-01-01", , , , , , , , 0, 
"USTR4079", "2020-12-31", "N", "USTR", 1, , , "N", , , 0, 0, 0, , 0, 0, 0, 0, 0, 0, , , , , , , , , , , , , "0", "2021-01-01", , , , , , , , 0, 
"USTR4079", "2020-12-31", "N", "USTR", 2, , , "Y", , , 0, 0, 0, , 0, 0, 0, 0, 0, 0, , , , , , , , , , , , , "0", "2021-01-01", , , , , , , , 0, 
"USTR4089", "2020-12-31", "N", "USTR", 1, , , "N", , , 0, 0, 0, , 0, 0, 0, 0, 0, 0, , , , , , , , , , , , , "0", "2021-01-01", , , , , , , , 0, 
"USTR4089", "2020-12-31", "N", "USTR", 2, , , "Y", , , 0, 0, 0, , 0, 0, 0, 0, 0, 0, , , , , , , , , , , , , "0", "2021-01-01", , , , , , , , 0, 
"USTR4090", "2020-12-31", "N", "USTR", 1, , , "N", , , 0, 0, 0, , 0, 0, 0, 0, 0, 0, , , , , , , , , , , , , "0", "2021-01-01", , , , , , , , 0, 
"USTR4090", "2020-12-31", "N", "USTR", 2, , , "Y", , , 0, 0, 0, , 0, 0, 0, 0, 0, 0, , , , , , , , , , , , , "0", "2021-01-01", , , , , , , , 0, 
"USTR4091", "2020-12-31", "N", "USTR", 1, , , "N", , , 0, 0, 0, , 0, 0, 0, 0, 0, 0, , , , , , , , , , , , , "0", "2021-01-01", , , , , , , , 0, 
"USTR4091", "2020-12-31", "N", "USTR", 2, , , "Y", , , 0, 0, 0, , 0, 0, 0, 0, 0, 0, , , , , , , , , , , , , "0", "2021-01-01", , , , , , , , 0, 
"USTR4115", "2020-12-31", "N", "USTR", 1, , , "N", , , 0, 0, 0, , 0, 0, 0, 0, 0, 0, , , , , , , , , , , , , "0", "2021-01-01", , , , , , , , 0, 
"USTR4115", "2020-12-31", "N", "USTR", 2, , , "Y", , , 0, 0, 0, , 0, 0, 0, 0, 0, 0, , , , , , , , , , , , , "0", "2021-01-01", , , , , , , , 0, 
"USTR4142", "2020-12-31", "N", "USTR", 1, , , "N", , , 0, 0, 0, , 0, 0, 0, 0, 0, 0, , , , , , , , , , , , , "0", "2021-01-01", , , , , , , , 0, 
"USTR4142", "2020-12-31", "N", "USTR", 2, , , "Y", , , 0, 0, 0, , 0, 0, 0, 0, 0, 0, , , , , , , , , , , , , "0", "2021-01-01", , , , , , , , 0, 
"USTR415", "2020-12-31", "N", "USTR", 1, , , "N", , , 0, 0, 0, , 0, 0, 0, 0, 0, 0, , , , , , , , , , , , , "0", "2021-01-01", , , , , , , , 0, 
"USTR415", "2020-12-31", "N", "USTR", 2, , , "Y", , , 0, 0, 0, , 0, 0, 0, 0, 0, 0, , , , , , , , , , , , , "0", "2021-01-01", , , , , , , , 0, 
"USTR416", "2020-12-31", "N", "USTR", 1, , , "N", , , 0, 0, 0, , 0, 0, 0, 0, 0, 0, , , , , , , , , , , , , "0", "2021-01-01", , , , , , , , 0, 
"USTR416", "2020-12-31", "N", "USTR", 2, , , "Y", , , 0, 0, 0, , 0, 0, 0, 0, 0, 0, , , , , , , , , , , , , "0", "2021-01-01", , , , , , , , 0, 
"USTR4264", "2020-12-31", "N", "USTR", 1, , , "N", , , 0, 0, 0, , 0, 0, 0, 0, 0, 0, , , , , , , , , , , , , "0", "2021-01-01", , , , , , , , 0, 
"USTR4264", "2020-12-31", "N", "USTR", 2, , , "Y", , , 0, 0, 0, , 0, 0, 0, 0, 0, 0, , , , , , , , , , , , , "0", "2021-01-01", , , , , , , , 0, 
"USTR4265", "2020-12-31", "N", "USTR", 1, , , "N", , , 0, 0, 0, , 0, 0, 0, 0, 0, 0, , , , , , , , , , , , , "0", "2021-01-01", , , , , , , , 0, 
"USTR4265", "2020-12-31", "N", "USTR", 2, , , "Y", , , 0, 0, 0, , 0, 0, 0, 0, 0, 0, , , , , , , , , , , , , "0", "2021-01-01", , , , , , , , 0, 
"USTR4266", "2020-12-31", "N", "USTR", 1, , , "N", , , 0, 0, 0, , 0, 0, 0, 0, 0, 0, , , , , , , , , , , , , "0", "2021-01-01", , , , , , , , 0, 
"USTR4266", "2020-12-31", "N", "USTR", 2, , , "Y", , , 0, 0, 0, , 0, 0, 0, 0, 0, 0, , , , , , , , , , , , , "0", "2021-01-01", , , , , , , , 0, 
"USTR4294", "2020-12-31", "N", "USTR", 1, , , "N", , , 0, 0, 0, , 0, 0, 0, 0, 0, 0, , , , , , , , , , , , , "0", "2021-01-01", , , , , , , , 0, 
"USTR4294", "2020-12-31", "N", "USTR", 2, , , "Y", , , 0, 0, 0, , 0, 0, 0, 0, 0, 0, , , , , , , , , , , , , "0", "2021-01-01", , , , , , , , 0, 
"USTR4305", "2020-12-31", "N", "USTR", 1, , , "N", , , 0, 0, 0, , 0, 0, 0, 0, 0, 0, , , , , , , , , , , , , "0", "2021-01-01", , , , , , , , 0, 
"USTR4305", "2020-12-31", "N", "USTR", 2, , , "Y", , , 0, 0, 0, , 0, 0, 0, 0, 0, 0, , , , , , , , , , , , , "0", "2021-01-01", , , , , , , , 0, 
"USTR4306", "2020-12-31", "N", "USTR", 1, , , "N", , , 0, 0, 0, , 0, 0, 0, 0, 0, 0, , , , , , , , , , , , , "0", "2021-01-01", , , , , , , , 0, 
"USTR4306", "2020-12-31", "N", "USTR", 2, , , "Y", , , 0, 0, 0, , 0, 0, 0, 0, 0, 0, , , , , , , , , , , , , "0", "2021-01-01", , , , , , , , 0, 
"USTR4327", "2020-12-31", "N", "USTR", 1, , , "N", , , 0, 0, 0, , 0, 0, 0, 0, 0, 0, , , , , , , , , , , , , "0", "2021-01-01", , , , , , , , 0, 
"USTR4327", "2020-12-31", "N", "USTR", 2, , , "Y", , , 0, 0, 0, , 0, 0, 0, 0, 0, 0, , , , , , , , , , , , , "0", "2021-01-01", , , , , , , , 0, 
"USTR4372", "2020-12-31", "N", "USTR", 1, , , "N", , , 0, 0, 0, , 0, 0, 0, 0, 0, 0, , , , , , , , , , , , , "0", "2021-01-01", , , , , , , , 0, 
"USTR4372", "2020-12-31", "N", "USTR", 2, , , "Y", , , 0, 0, 0, , 0, 0, 0, 0, 0, 0, , , , , , , , , , , , , "0", "2021-01-01", , , , , , , , 0, 
"USTR4405", "2020-12-31", "N", "USTR", 1, , , "N", , , 0, 0, 0, , 0, 0, 0, 0, 0, 0, , , , , , , , , , , , , "0", "2021-01-01", , , , , , , , 0, 
"USTR4405", "2020-12-31", "N", "USTR", 2, , , "Y", , , 0, 0, 0, , 0, 0, 0, 0, 0, 0, , , , , , , , , , , , , "0", "2021-01-01", , , , , , , , 0, 
"USTR4412", "2020-12-31", "N", "USTR", 1, , , "N", , , 0, 0, 0, , 0, 0, 0, 0, 0, 0, , , , , , , , , , , , , "0", "2021-01-01", , , , , , , , 0, 
"USTR4412", "2020-12-31", "N", "USTR", 2, , , "Y", , , 0, 0, 0, , 0, 0, 0, 0, 0, 0, , , , , , , , , , , , , "0", "2021-01-01", , , , , , , , 0, 
"USTR4419", "2020-12-31", "N", "USTR", 1, , , "N", , , 0, 0, 0, , 0, 0, 0, 0, 0, 0, , , , , , , , , , , , , "0", "2021-01-01", , , , , , , , 0, 
"USTR4419", "2020-12-31", "N", "USTR", 2, , , "Y", , , 0, 0, 0, , 0, 0, 0, 0, 0, 0, , , , , , , , , , , , , "0", "2021-01-01", , , , , , , , 0, 
"USTR4429", "2020-12-31", "N", "USTR", 1, , , "N", , , 0, 0, 0, , 0, 0, 0, 0, 0, 0, , , , , , , , , , , , , "0", "2021-01-01", , , , , , , , 0, 
"USTR4429", "2020-12-31", "N", "USTR", 2, , , "Y", , , 0, 0, 0, , 0, 0, 0, 0, 0, 0, , , , , , , , , , , , , "0", "2021-01-01", , , , , , , , 0, 
"USTR4430", "2020-12-31", "N", "USTR", 1, , , "N", , , 0, 0, 0, , 0, 0, 0, 0, 0, 0, , , , , , , , , , , , , "0", "2021-01-01", , , , , , , , 0, 
"USTR4430", "2020-12-31", "N", "USTR", 2, , , "Y", , , 0, 0, 0, , 0, 0, 0, 0, 0, 0, , , , , , , , , , , , , "0", "2021-01-01", , , , , , , , 0, 
"USTR486", "2020-12-31", "N", "USTR", 1, , , "N", , , 0, 0, 0, , 0, 0, 0, 0, 0, 0, , , , , , , , , , , , , "0", "2021-01-01", , , , , , , , 0, 
"USTR486", "2020-12-31", "N", "USTR", 2, , , "Y", , , 0, 0, 0, , 0, 0, 0, 0, 0, 0, , , , , , , , , , , , , "0", "2021-01-01", , , , , , , , 0, 
"USTR683", "2020-12-31", "N", "USTR", 1, , , "N", , , 0, 0, 0, , 0, 0, 0, 0, 0, 0, , , , , , , , , , , , , "0", "2021-01-01", , , , , , , , 0, 
"USTR683", "2020-12-31", "N", "USTR", 2, , , "Y", , , 0, 0, 0, , 0, 0, 0, 0, 0, 0, , , , , , , , , , , , , "0", "2021-01-01", , , , , , , , 0, 
"USTR69", "2020-12-31", "N", "USTR", 1, , , "N", , , 0, 0, 0, , 0, 0, 0, 0, 0, 0, , , , , , , , , , , , , "0", "2021-01-01", , , , , , , , 0, 
"USTR69", "2020-12-31", "N", "USTR", 2, , , "Y", , , 0, 0, 0, , 0, 0, 0, 0, 0, 0, , , , , , , , , , , , , "0", "2021-01-01", , , , , , , , 0, 
"USTR70", "2020-12-31", "N", "USTR", 1, , , "N", , , 0, 0, 0, , 0, 0, 0, 0, 0, 0, , , , , , , , , , , , , "0", "2021-01-01", , , , , , , , 0, 
"USTR70", "2020-12-31", "N", "USTR", 2, , , "Y", , , 0, 0, 0, , 0, 0, 0, 0, 0, 0, , , , , , , , , , , , , "0", "2021-01-01", , , , , , , , 0, 
"USTR72", "2020-12-31", "N", "USTR", 1, , , "N", , , 0, 0, 0, , 0, 0, 0, 0, 0, 0, , , , , , , , , , , , , "0", "2021-01-01", , , , , , , , 0, 
"USTR72", "2020-12-31", "N", "USTR", 2, , , "Y", , , 0, 0, 0, , 0, 0, 0, 0, 0, 0, , , , , , , , , , , , , "0", "2021-01-01", , , , , , , , 0, 
"USTR76", "2020-12-31", "N", "USTR", 1, , , "N", , , 0, 0, 0, , 0, 0, 0, 0, 0, 0, , , , , , , , , , , , , "0", "2021-01-01", , , , , , , , 0, 
"USTR76", "2020-12-31", "N", "USTR", 2, , , "Y", , , 0, 0, 0, , 0, 0, 0, 0, 0, 0, , , , , , , , , , , , , "0", "2021-01-01", , , , , , , , 0, 
"USTR765", "2020-12-31", "N", "USTR", 1, , , "N", , , 0, 0, 0, , 0, 0, 0, 0, 0, 0, , , , , , , , , , , , , "0", "2021-01-01", , , , , , , , 0, 
"USTR765", "2020-12-31", "N", "USTR", 2, , , "Y", , , 0, 0, 0, , 0, 0, 0, 0, 0, 0, , , , , , , , , , , , , "0", "2021-01-01", , , , , , , , 0, 
"USTR81", "2020-12-31", "N", "USTR", 1, , , "N", , , 0, 0, 0, , 0, 0, 0, 0, 0, 0, , , , , , , , , , , , , "0", "2021-01-01", , , , , , , , 0, 
"USTR81", "2020-12-31", "N", "USTR", 2, , , "Y", , , 0, 0, 0, , 0, 0, 0, 0, 0, 0, , , , , , , , , , , , , "0", "2021-01-01", , , , , , , , 0, 
"USTR855", "2020-12-31", "N", "USTR", 1, , , "N", , , 0, 0, 0, , 0, 0, 0, 0, 0, 0, , , , , , , , , , , , , "0", "2021-01-01", , , , , , , , 0, 
"USTR855", "2020-12-31", "N", "USTR", 2, , , "Y", , , 0, 0, 0, , 0, 0, 0, 0, 0, 0, , , , , , , , , , , , , "0", "2021-01-01", , , , , , , , 0, 
"USTR89", "2020-12-31", "N", "USTR", 1, , , "N", , , 0, 0, 0, , 0, 0, 0, 0, 0, 0, , , , , , , , , , , , , "0", "2021-01-01", , , , , , , , 0, 
"USTR89", "2020-12-31", "N", "USTR", 2, , , "Y", , , 0, 0, 0, , 0, 0, 0, 0, 0, 0, , , , , , , , , , , , , "0", "2021-01-01", , , , , , , , 0, 
"USTR908", "2020-12-31", "N", "USTR", 1, , , "N", , , 0, 0, 0, , 0, 0, 0, 0, 0, 0, , , , , , , , , , , , , "0", "2021-01-01", , , , , , , , 0, 
"USTR908", "2020-12-31", "N", "USTR", 2, , , "Y", , , 0, 0, 0, , 0, 0, 0, 0, 0, 0, , , , , , , , , , , , , "0", "2021-01-01", , , , , , , , 0, 
"USTR941", "2020-12-31", "N", "USTR", 1, , , "N", , , 0, 0, 0, , 0, 0, 0, 0, 0, 0, , , , , , , , , , , , , "0", "2021-01-01", , , , , , , , 0, 
"USTR941", "2020-12-31", "N", "USTR", 2, , , "Y", , , 0, 0, 0, , 0, 0, 0, 0, 0, 0, , , , , , , , , , , , , "0", "2021-01-01", , , , , , , , 0, 
"USTR95", "2020-12-31", "N", "USTR", 1, , , "N", , , 0, 0, 0, , 0, 0, 0, 0, 0, 0, , , , , , , , , , , , , "0", "2021-01-01", , , , , , , , 0, 
"USTR95", "2020-12-31", "N", "USTR", 2, , , "Y", , , 0, 0, 0, , 0, 0, 0, 0, 0, 0, , , , , , , , , , , , , "0", "2021-01-01", , , , , , , , 0, 
"USTR999", "2020-12-31", "N", "USTR", 1, , , "N", , , 0, 0, 0, , 0, 0, 0, 0, 0, 0, , , , , , , , , , , , , "0", "2021-01-01", , , , , , , , 0, 
"USTR999", "2020-12-31", "N", "USTR", 2, , , "Y", , , 0, 0, 0, , 0, 0, 0, 0, 0, 0, , , , , , , , , , , , , "0", "2021-01-01", , , , , , , , 0, 
