ProductID,PeriodDate,AdhocFlag,LineofBusinessCode,SortOrder,EquityFlag,TaxType,BenchmarkFlag,PerformanceType,Description,MTD,QTD,YTD,PriorYear,PriorTwoYear,PriorThreeYear,PriorFourYear,PriorFiveYear,PriorSevenYear,PriorTenYear,CYPriorYear,CYPriorTwoYear,CYPriorThreeYear,CYPriorFourYear,CYPriorFiveYear,CYPriorSixYear,CYPriorSevenYear,CYPriorEightYear,CYPriorNineYear,CYPriorTenYear,CYPriorElevenYear,CYPriorTwelveYear,SinceInceptionReturn,InceptionDate,ValueAdded,Risk,TrackingError,InfoRatio,PriorThreeMonth,PriorSixMonth,PriorNineMonth
"USTR10001","2020-12-31","N","USTR",1,,,"N","Gross Total Return","Total Return",0.00,1.20,13.51,13.51,14.22,8.25,8.20,7.55,0.00,0.00,,,,,,,,,,,,,13.51,"2021-01-01",,,,,,,
"USTR10001","2020-12-31","N","USTR",2,,,"Y","Gross Total Return","Total Return",0.00,1.20,13.51,12.89,13.94,7.96,7.95,7.22,0.00,0.00,,,,,,,,,,,,,13.51,"2021-01-01",,,,,,,
"USTR10002","2020-12-31","N","USTR",1,,,"N","Gross Total Return","Total Return",-0.05,1.14,11.77,11.77,12.63,7.46,7.32,6.77,0.00,0.00,,,,,,,,,,,,,11.77,"2021-01-01",,,,,,,
"USTR10002","2020-12-31","N","USTR",2,,,"Y","Gross Total Return","Total Return",-0.05,1.14,11.77,11.85,12.70,7.42,7.27,6.65,0.00,0.00,,,,,,,,,,,,,11.77,"2021-01-01",,,,,,,
"USTR10004","2020-12-31","N","USTR",1,,,"N","Gross Total Return","Total Return",-0.01,1.38,14.51,14.51,14.84,8.67,8.41,0.00,0.00,0.00,,,,,,,,,,,,,14.51,"2021-01-01",,,,,,,
"USTR10004","2020-12-31","N","USTR",2,,,"Y","Gross Total Return","Total Return",-0.01,1.38,14.51,13.82,14.53,8.28,8.24,0.00,0.00,0.00,,,,,,,,,,,,,14.51,"2021-01-01",,,,,,,
"USTR10006","2020-12-31","N","USTR",1,,,"N","Gross Total Return","Total Return",-0.01,1.29,11.99,11.99,12.47,7.47,7.24,0.00,0.00,0.00,,,,,,,,,,,,,11.99,"2021-01-01",,,,,,,
"USTR10006","2020-12-31","N","USTR",2,,,"Y","Gross Total Return","Total Return",-0.01,1.29,11.99,11.46,12.17,7.15,7.00,0.00,0.00,0.00,,,,,,,,,,,,,11.99,"2021-01-01",,,,,,,
"USTR100960","2020-12-31","N","USTR",1,,,"N","Gross Total Return","Total Return",1.47,5.87,1.71,1.71,7.69,0.00,0.00,0.00,0.00,0.00,,,,,,,,,,,,,1.71,"2021-01-01",,,,,,,
"USTR100960","2020-12-31","N","USTR",2,,,"Y","Gross Total Return","Total Return",1.47,5.87,1.71,7.11,10.66,0.00,0.00,0.00,0.00,0.00,,,,,,,,,,,,,1.71,"2021-01-01",,,,,,,
"USTR1025","2020-12-31","N","USTR",1,,,"N","Gross Total Return","Total Return",0.00,0.00,0.00,0.00,0.00,0.00,0.01,0.22,0.36,0.36,,,,,,,,,,,,,0.00,"2021-01-01",,,,,,,
"USTR1025","2020-12-31","N","USTR",2,,,"Y","Gross Total Return","Total Return",0.00,0.00,0.00,3.16,3.37,2.77,2.18,1.91,1.53,1.39,,,,,,,,,,,,,0.00,"2021-01-01",,,,,,,
"USTR1055","2020-12-31","N","USTR",1,,,"N","Gross Total Return","Total Return",0.16,1.49,9.73,9.73,10.59,6.62,6.27,5.85,5.40,4.92,,,,,,,,,,,,,9.73,"2021-01-01",,,,,,,
"USTR1055","2020-12-31","N","USTR",2,,,"Y","Gross Total Return","Total Return",0.16,1.49,9.73,9.65,10.27,6.30,6.00,5.52,5.23,4.76,,,,,,,,,,,,,9.73,"2021-01-01",,,,,,,
"USTR107190","2020-12-31","N","USTR",1,,,"Y","Gross Total Return","Total Return",0.00,0.00,0.00,0.00,0.00,0.00,0.00,0.00,0.00,0.00,,,,,,,,,,,,,0.00,"2021-01-01",,,,,,,
"USTR107449","2020-12-31","N","USTR",1,,,"N","Gross Total Return","Total Return",0.50,0.97,5.83,5.83,6.74,4.76,4.33,0.00,0.00,0.00,,,,,,,,,,,,,5.83,"2021-01-01",,,,,,,
"USTR107449","2020-12-31","N","USTR",2,,,"Y","Gross Total Return","Total Return",0.50,0.97,5.83,6.43,6.62,4.67,4.03,0.00,0.00,0.00,,,,,,,,,,,,,5.83,"2021-01-01",,,,,,,
"USTR109195","2020-12-31","N","USTR",1,,,"N","Gross Total Return","Total Return",-1.14,-2.96,17.89,17.89,16.32,9.91,0.00,0.00,0.00,0.00,,,,,,,,,,,,,17.89,"2021-01-01",,,,,,,
"USTR109195","2020-12-31","N","USTR",2,,,"Y","Gross Total Return","Total Return",-1.14,-2.96,17.89,17.70,16.26,9.88,0.00,0.00,0.00,0.00,,,,,,,,,,,,,17.89,"2021-01-01",,,,,,,
"USTR109433","2020-12-31","N","USTR",1,,,"N","Gross Total Return","Total Return",1.57,6.06,2.73,2.73,8.20,0.00,0.00,0.00,0.00,0.00,,,,,,,,,,,,,2.73,"2021-01-01",,,,,,,
"USTR109433","2020-12-31","N","USTR",2,,,"Y","Gross Total Return","Total Return",1.57,6.06,2.73,7.11,10.66,0.00,0.00,0.00,0.00,0.00,,,,,,,,,,,,,2.73,"2021-01-01",,,,,,,
"USTR109553","2020-12-31","N","USTR",1,,,"N","Gross Total Return","Total Return",-1.07,-2.83,17.52,17.52,16.10,0.00,0.00,0.00,0.00,0.00,,,,,,,,,,,,,17.52,"2021-01-01",,,,,,,
"USTR109553","2020-12-31","N","USTR",2,,,"Y","Gross Total Return","Total Return",-1.07,-2.83,17.52,17.55,16.14,0.00,0.00,0.00,0.00,0.00,,,,,,,,,,,,,17.52,"2021-01-01",,,,,,,
"USTR109670","2020-12-31","N","USTR",1,,,"N","Gross Total Return","Total Return",0.41,0.92,8.56,8.56,0.00,0.00,0.00,0.00,0.00,0.00,,,,,,,,,,,,,8.56,"2021-01-01",,,,,,,
"USTR109670","2020-12-31","N","USTR",2,,,"Y","Gross Total Return","Total Return",0.41,0.92,8.56,7.51,0.00,0.00,0.00,0.00,0.00,0.00,,,,,,,,,,,,,8.56,"2021-01-01",,,,,,,
"USTR11000","2020-12-31","N","USTR",1,,,"N","Gross Total Return","Total Return",0.44,1.01,8.03,8.03,8.67,5.76,5.44,4.93,0.00,0.00,,,,,,,,,,,,,8.03,"2021-01-01",,,,,,,
"USTR11000","2020-12-31","N","USTR",2,,,"Y","Gross Total Return","Total Return",0.44,1.01,8.03,7.51,8.11,5.34,4.89,4.26,0.00,0.00,,,,,,,,,,,,,8.03,"2021-01-01",,,,,,,
"USTR111505","2020-12-31","N","USTR",1,,,"N","Gross Total Return","Total Return",0.38,0.96,8.38,8.38,0.00,0.00,0.00,0.00,0.00,0.00,,,,,,,,,,,,,8.38,"2021-01-01",,,,,,,
"USTR111505","2020-12-31","N","USTR",2,,,"Y","Gross Total Return","Total Return",0.38,0.96,8.38,7.51,0.00,0.00,0.00,0.00,0.00,0.00,,,,,,,,,,,,,8.38,"2021-01-01",,,,,,,
"USTR111970","2020-12-31","N","USTR",1,,,"N","Gross Total Return","Total Return",-0.14,0.69,17.79,17.79,0.00,0.00,0.00,0.00,0.00,0.00,,,,,,,,,,,,,17.79,"2021-01-01",,,,,,,
"USTR111970","2020-12-31","N","USTR",2,,,"Y","Gross Total Return","Total Return",-0.14,0.69,17.79,15.96,0.00,0.00,0.00,0.00,0.00,0.00,,,,,,,,,,,,,17.79,"2021-01-01",,,,,,,
"USTR113705","2020-12-31","N","USTR",1,,,"N","Gross Total Return","Total Return",-0.28,0.57,16.25,16.25,16.06,9.23,0.00,0.00,0.00,0.00,,,,,,,,,,,,,16.25,"2021-01-01",,,,,,,
"USTR113705","2020-12-31","N","USTR",2,,,"Y","Gross Total Return","Total Return",-0.28,0.57,16.25,15.68,15.93,8.98,0.00,0.00,0.00,0.00,,,,,,,,,,,,,16.25,"2021-01-01",,,,,,,
"USTR114638","2020-12-31","N","USTR",1,,,"N","Gross Total Return","Total Return",0.08,0.59,7.65,7.65,8.03,0.00,0.00,0.00,0.00,0.00,,,,,,,,,,,,,7.65,"2021-01-01",,,,,,,
"USTR114638","2020-12-31","N","USTR",2,,,"Y","Gross Total Return","Total Return",0.08,0.59,7.65,7.65,8.03,0.00,0.00,0.00,0.00,0.00,,,,,,,,,,,,,7.65,"2021-01-01",,,,,,,
"USTR117075","2020-12-31","N","USTR",1,,,"N","Gross Total Return","Total Return",0.42,1.06,8.56,8.56,9.04,5.98,0.00,0.00,0.00,0.00,,,,,,,,,,,,,8.56,"2021-01-01",,,,,,,
"USTR117075","2020-12-31","N","USTR",2,,,"Y","Gross Total Return","Total Return",0.42,1.06,8.56,7.51,8.11,5.34,0.00,0.00,0.00,0.00,,,,,,,,,,,,,8.56,"2021-01-01",,,,,,,
"USTR117383","2020-12-31","N","USTR",1,,,"N","Gross Total Return","Total Return",0.34,0.87,8.47,8.47,0.00,0.00,0.00,0.00,0.00,0.00,,,,,,,,,,,,,8.47,"2021-01-01",,,,,,,
"USTR117383","2020-12-31","N","USTR",2,,,"Y","Gross Total Return","Total Return",0.34,0.87,8.47,7.51,0.00,0.00,0.00,0.00,0.00,0.00,,,,,,,,,,,,,8.47,"2021-01-01",,,,,,,
"USTR117740","2020-12-31","N","USTR",1,,,"Y","Gross Total Return","Total Return",0.00,0.00,0.00,0.00,0.00,0.00,0.00,0.00,0.00,0.00,,,,,,,,,,,,,0.00,"2021-01-01",,,,,,,
"USTR118454","2020-12-31","N","USTR",1,,,"N","Gross Total Return","Total Return",-0.11,0.98,14.45,14.45,14.45,0.00,0.00,0.00,0.00,0.00,,,,,,,,,,,,,14.45,"2021-01-01",,,,,,,
"USTR118454","2020-12-31","N","USTR",2,,,"Y","Gross Total Return","Total Return",-0.11,0.98,14.45,13.47,14.06,0.00,0.00,0.00,0.00,0.00,,,,,,,,,,,,,14.45,"2021-01-01",,,,,,,
"USTR118704","2020-12-31","N","USTR",1,,,"N","Gross Total Return","Total Return",0.54,1.18,3.49,3.49,4.79,3.83,0.00,0.00,0.00,0.00,,,,,,,,,,,,,3.49,"2021-01-01",,,,,,,
"USTR118704","2020-12-31","N","USTR",2,,,"Y","Gross Total Return","Total Return",0.54,1.18,3.49,3.33,3.68,2.98,0.00,0.00,0.00,0.00,,,,,,,,,,,,,3.49,"2021-01-01",,,,,,,
"USTR119230","2020-12-31","N","USTR",1,,,"N","Gross Total Return","Total Return",-0.11,0.91,16.42,16.42,0.00,0.00,0.00,0.00,0.00,0.00,,,,,,,,,,,,,16.42,"2021-01-01",,,,,,,
"USTR119230","2020-12-31","N","USTR",2,,,"Y","Gross Total Return","Total Return",-0.11,0.91,16.42,14.50,0.00,0.00,0.00,0.00,0.00,0.00,,,,,,,,,,,,,16.42,"2021-01-01",,,,,,,
"USTR124648","2020-12-31","N","USTR",1,,,"N","Gross Total Return","Total Return",0.16,0.27,7.95,7.95,8.28,0.00,0.00,0.00,0.00,0.00,,,,,,,,,,,,,7.95,"2021-01-01",,,,,,,
"USTR124648","2020-12-31","N","USTR",2,,,"Y","Gross Total Return","Total Return",0.16,0.27,7.95,7.10,7.31,0.00,0.00,0.00,0.00,0.00,,,,,,,,,,,,,7.95,"2021-01-01",,,,,,,
"USTR125580","2020-12-31","N","USTR",1,,,"N","Gross Total Return","Total Return",-0.25,0.79,15.09,15.09,15.31,0.00,0.00,0.00,0.00,0.00,,,,,,,,,,,,,15.09,"2021-01-01",,,,,,,
"USTR125580","2020-12-31","N","USTR",2,,,"Y","Gross Total Return","Total Return",-0.25,0.79,15.09,15.09,15.31,0.00,0.00,0.00,0.00,0.00,,,,,,,,,,,,,15.09,"2021-01-01",,,,,,,
"USTR125587","2020-12-31","N","USTR",1,,,"N","Gross Total Return","Total Return",0.10,1.26,13.11,13.11,0.00,0.00,0.00,0.00,0.00,0.00,,,,,,,,,,,,,13.11,"2021-01-01",,,,,,,
"USTR125587","2020-12-31","N","USTR",2,,,"Y","Gross Total Return","Total Return",0.10,1.26,13.11,12.80,0.00,0.00,0.00,0.00,0.00,0.00,,,,,,,,,,,,,13.11,"2021-01-01",,,,,,,
"USTR126261","2020-12-31","N","USTR",1,,,"N","Gross Total Return","Total Return",0.04,1.10,12.23,12.23,12.96,0.00,0.00,0.00,0.00,0.00,,,,,,,,,,,,,12.23,"2021-01-01",,,,,,,
"USTR126261","2020-12-31","N","USTR",2,,,"Y","Gross Total Return","Total Return",0.04,1.10,12.23,11.77,12.44,0.00,0.00,0.00,0.00,0.00,,,,,,,,,,,,,12.23,"2021-01-01",,,,,,,
"USTR126950","2020-12-31","N","USTR",1,,,"N","Gross Total Return","Total Return",-0.06,0.94,13.82,0.00,0.00,0.00,0.00,0.00,0.00,0.00,,,,,,,,,,,,,13.82,"2021-01-01",,,,,,,
"USTR126950","2020-12-31","N","USTR",2,,,"Y","Gross Total Return","Total Return",-0.06,0.94,13.82,0.00,0.00,0.00,0.00,0.00,0.00,0.00,,,,,,,,,,,,,13.82,"2021-01-01",,,,,,,
"USTR126967","2020-12-31","N","USTR",1,,,"N","Gross Total Return","Total Return",0.51,1.19,4.20,4.20,0.00,0.00,0.00,0.00,0.00,0.00,,,,,,,,,,,,,4.20,"2021-01-01",,,,,,,
"USTR126967","2020-12-31","N","USTR",2,,,"Y","Gross Total Return","Total Return",0.51,1.19,4.20,3.33,0.00,0.00,0.00,0.00,0.00,0.00,,,,,,,,,,,,,4.20,"2021-01-01",,,,,,,
"USTR127319","2020-12-31","N","USTR",1,,,"N","Gross Total Return","Total Return",0.42,0.94,5.19,5.19,7.41,4.91,0.00,0.00,0.00,0.00,,,,,,,,,,,,,5.19,"2021-01-01",,,,,,,
"USTR127319","2020-12-31","N","USTR",2,,,"Y","Gross Total Return","Total Return",0.42,0.94,5.19,7.51,8.11,5.34,0.00,0.00,0.00,0.00,,,,,,,,,,,,,5.19,"2021-01-01",,,,,,,
"USTR127450","2020-12-31","N","USTR",1,,,"N","Gross Total Return","Total Return",0.59,1.36,4.63,4.63,0.00,0.00,0.00,0.00,0.00,0.00,,,,,,,,,,,,,4.63,"2021-01-01",,,,,,,
"USTR127450","2020-12-31","N","USTR",2,,,"Y","Gross Total Return","Total Return",0.59,1.36,4.63,3.33,0.00,0.00,0.00,0.00,0.00,0.00,,,,,,,,,,,,,4.63,"2021-01-01",,,,,,,
"USTR1294","2020-12-31","N","USTR",1,,,"N","Gross Total Return","Total Return",0.25,1.01,8.59,8.59,9.45,5.98,5.51,5.04,4.58,4.47,,,,,,,,,,,,,8.59,"2021-01-01",,,,,,,
"USTR1294","2020-12-31","N","USTR",2,,,"Y","Gross Total Return","Total Return",0.25,1.01,8.59,8.93,9.32,5.97,5.47,4.98,4.42,4.19,,,,,,,,,,,,,8.59,"2021-01-01",,,,,,,
"USTR129577","2020-12-31","N","USTR",1,,,"N","Gross Total Return","Total Return",-0.07,1.17,14.87,14.87,14.47,8.60,8.38,0.00,0.00,0.00,,,,,,,,,,,,,14.87,"2021-01-01",,,,,,,
"USTR129577","2020-12-31","N","USTR",2,,,"Y","Gross Total Return","Total Return",-0.07,1.17,14.87,13.16,13.68,7.91,7.90,0.00,0.00,0.00,,,,,,,,,,,,,14.87,"2021-01-01",,,,,,,
"USTR130625","2020-12-31","N","USTR",1,,,"N","Gross Total Return","Total Return",-0.26,0.44,16.14,16.14,16.02,9.18,0.00,0.00,0.00,0.00,,,,,,,,,,,,,16.14,"2021-01-01",,,,,,,
"USTR130625","2020-12-31","N","USTR",2,,,"Y","Gross Total Return","Total Return",-0.26,0.44,16.14,15.39,15.53,8.76,0.00,0.00,0.00,0.00,,,,,,,,,,,,,16.14,"2021-01-01",,,,,,,
"USTR132672","2020-12-31","N","USTR",1,,,"N","Gross Total Return","Total Return",0.39,0.96,8.36,8.36,0.00,0.00,0.00,0.00,0.00,0.00,,,,,,,,,,,,,8.36,"2021-01-01",,,,,,,
"USTR132672","2020-12-31","N","USTR",2,,,"Y","Gross Total Return","Total Return",0.39,0.96,8.36,7.51,0.00,0.00,0.00,0.00,0.00,0.00,,,,,,,,,,,,,8.36,"2021-01-01",,,,,,,
"USTR132835","2020-12-31","N","USTR",1,,,"N","Gross Total Return","Total Return",0.23,1.59,9.79,9.79,10.94,0.00,0.00,0.00,0.00,0.00,,,,,,,,,,,,,9.79,"2021-01-01",,,,,,,
"USTR132835","2020-12-31","N","USTR",2,,,"Y","Gross Total Return","Total Return",0.23,1.59,9.79,10.14,10.83,0.00,0.00,0.00,0.00,0.00,,,,,,,,,,,,,9.79,"2021-01-01",,,,,,,
"USTR132853","2020-12-31","N","USTR",1,,,"Y","Gross Total Return","Total Return",0.00,0.00,0.00,0.00,0.00,0.00,0.00,0.00,0.00,0.00,,,,,,,,,,,,,0.00,"2021-01-01",,,,,,,
"USTR134322","2020-12-31","N","USTR",1,,,"N","Gross Total Return","Total Return",1.40,2.25,0.00,0.00,0.00,0.00,0.00,0.00,0.00,0.00,,,,,,,,,,,,,0.00,"2021-01-01",,,,,,,
"USTR134322","2020-12-31","N","USTR",2,,,"Y","Gross Total Return","Total Return",1.40,2.25,0.00,0.00,0.00,0.00,0.00,0.00,0.00,0.00,,,,,,,,,,,,,0.00,"2021-01-01",,,,,,,
"USTR135460","2020-12-31","N","USTR",1,,,"N","Gross Total Return","Total Return",0.00,0.00,0.00,0.00,0.00,0.00,0.00,0.00,0.00,0.00,,,,,,,,,,,,,0.00,"2021-01-01",,,,,,,
"USTR135460","2020-12-31","N","USTR",2,,,"Y","Gross Total Return","Total Return",0.00,0.00,0.00,0.00,0.00,0.00,0.00,0.00,0.00,0.00,,,,,,,,,,,,,0.00,"2021-01-01",,,,,,,
"USTR137996","2020-12-31","N","USTR",1,,,"N","Gross Total Return","Total Return",-0.17,0.76,14.63,14.63,14.97,0.00,0.00,0.00,0.00,0.00,,,,,,,,,,,,,14.63,"2021-01-01",,,,,,,
"USTR137996","2020-12-31","N","USTR",2,,,"Y","Gross Total Return","Total Return",-0.17,0.76,14.63,14.43,14.80,0.00,0.00,0.00,0.00,0.00,,,,,,,,,,,,,14.63,"2021-01-01",,,,,,,
"USTR138014","2020-12-31","N","USTR",1,,,"N","Gross Total Return","Total Return",0.37,0.80,9.09,0.00,0.00,0.00,0.00,0.00,0.00,0.00,,,,,,,,,,,,,9.09,"2021-01-01",,,,,,,
"USTR138014","2020-12-31","N","USTR",2,,,"Y","Gross Total Return","Total Return",0.37,0.80,9.09,0.00,0.00,0.00,0.00,0.00,0.00,0.00,,,,,,,,,,,,,9.09,"2021-01-01",,,,,,,
"USTR140702","2020-12-31","N","USTR",1,,,"N","Gross Total Return","Total Return",-0.09,0.98,12.50,12.50,13.01,7.65,7.44,0.00,0.00,0.00,,,,,,,,,,,,,12.50,"2021-01-01",,,,,,,
"USTR140702","2020-12-31","N","USTR",2,,,"Y","Gross Total Return","Total Return",-0.09,0.98,12.50,11.86,12.67,7.32,7.20,0.00,0.00,0.00,,,,,,,,,,,,,12.50,"2021-01-01",,,,,,,
"USTR140989","2020-12-31","N","USTR",1,,,"N","Gross Total Return","Total Return",0.22,1.58,10.66,10.66,11.75,0.00,0.00,0.00,0.00,0.00,,,,,,,,,,,,,10.66,"2021-01-01",,,,,,,
"USTR140989","2020-12-31","N","USTR",2,,,"Y","Gross Total Return","Total Return",0.22,1.58,10.66,11.08,11.80,0.00,0.00,0.00,0.00,0.00,,,,,,,,,,,,,10.66,"2021-01-01",,,,,,,
"USTR1410","2020-12-31","N","USTR",1,,,"N","Gross Total Return","Total Return",0.43,0.89,6.07,6.07,6.72,4.69,4.27,3.96,3.47,3.40,,,,,,,,,,,,,6.07,"2021-01-01",,,,,,,
"USTR1410","2020-12-31","N","USTR",2,,,"Y","Gross Total Return","Total Return",0.43,0.89,6.07,6.43,6.62,4.67,4.03,3.64,3.19,3.11,,,,,,,,,,,,,6.07,"2021-01-01",,,,,,,
"USTR141082","2020-12-31","N","USTR",1,,,"N","Gross Total Return","Total Return",-0.12,0.76,0.00,0.00,0.00,0.00,0.00,0.00,0.00,0.00,,,,,,,,,,,,,0.00,"2021-01-01",,,,,,,
"USTR141082","2020-12-31","N","USTR",2,,,"Y","Gross Total Return","Total Return",-0.12,0.76,0.00,0.00,0.00,0.00,0.00,0.00,0.00,0.00,,,,,,,,,,,,,0.00,"2021-01-01",,,,,,,
"USTR141116","2020-12-31","N","USTR",1,,,"N","Gross Total Return","Total Return",-0.16,0.74,14.76,14.76,14.73,0.00,0.00,0.00,0.00,0.00,,,,,,,,,,,,,14.76,"2021-01-01",,,,,,,
"USTR141116","2020-12-31","N","USTR",2,,,"Y","Gross Total Return","Total Return",-0.16,0.74,14.76,14.19,14.39,0.00,0.00,0.00,0.00,0.00,,,,,,,,,,,,,14.76,"2021-01-01",,,,,,,
"USTR142736","2020-12-31","N","USTR",1,,,"N","Gross Total Return","Total Return",0.57,1.34,4.37,4.37,0.00,0.00,0.00,0.00,0.00,0.00,,,,,,,,,,,,,4.37,"2021-01-01",,,,,,,
"USTR142736","2020-12-31","N","USTR",2,,,"Y","Gross Total Return","Total Return",0.57,1.34,4.37,3.33,0.00,0.00,0.00,0.00,0.00,0.00,,,,,,,,,,,,,4.37,"2021-01-01",,,,,,,
"USTR143106","2020-12-31","N","USTR",1,,,"N","Gross Total Return","Total Return",0.00,0.00,0.00,0.00,0.00,-0.93,1.10,0.00,0.00,0.00,,,,,,,,,,,,,0.00,"2021-01-01",,,,,,,
"USTR143106","2020-12-31","N","USTR",2,,,"Y","Gross Total Return","Total Return",0.00,0.00,0.00,12.34,12.97,7.47,7.59,0.00,0.00,0.00,,,,,,,,,,,,,0.00,"2021-01-01",,,,,,,
"USTR143952","2020-12-31","N","USTR",1,,,"Y","Gross Total Return","Total Return",0.00,0.00,0.00,0.00,0.00,0.00,0.00,0.00,0.00,0.00,,,,,,,,,,,,,0.00,"2021-01-01",,,,,,,
"USTR144831","2020-12-31","N","USTR",1,,,"N","Gross Total Return","Total Return",0.44,4.89,16.45,16.45,0.00,0.00,0.00,0.00,0.00,0.00,,,,,,,,,,,,,16.45,"2021-01-01",,,,,,,
"USTR144831","2020-12-31","N","USTR",2,,,"Y","Gross Total Return","Total Return",0.44,4.89,16.45,13.29,0.00,0.00,0.00,0.00,0.00,0.00,,,,,,,,,,,,,16.45,"2021-01-01",,,,,,,
"USTR145021","2020-12-31","N","USTR",1,,,"N","Gross Total Return","Total Return",0.23,1.07,0.00,0.00,0.00,0.00,0.00,0.00,0.00,0.00,,,,,,,,,,,,,0.00,"2021-01-01",,,,,,,
"USTR145021","2020-12-31","N","USTR",2,,,"Y","Gross Total Return","Total Return",0.23,1.07,0.00,0.00,0.00,0.00,0.00,0.00,0.00,0.00,,,,,,,,,,,,,0.00,"2021-01-01",,,,,,,
"USTR146479","2020-12-31","N","USTR",1,,,"N","Gross Total Return","Total Return",0.02,1.17,12.94,12.94,13.31,7.81,0.00,0.00,0.00,0.00,,,,,,,,,,,,,12.94,"2021-01-01",,,,,,,
"USTR146479","2020-12-31","N","USTR",2,,,"Y","Gross Total Return","Total Return",0.02,1.17,12.94,12.64,13.19,7.70,0.00,0.00,0.00,0.00,,,,,,,,,,,,,12.94,"2021-01-01",,,,,,,
"USTR147439","2020-12-31","N","USTR",1,,,"N","Gross Total Return","Total Return",0.97,1.91,9.32,9.32,9.46,6.27,0.00,0.00,0.00,0.00,,,,,,,,,,,,,9.32,"2021-01-01",,,,,,,
"USTR147439","2020-12-31","N","USTR",2,,,"Y","Gross Total Return","Total Return",0.97,1.91,9.32,7.51,8.11,5.34,0.00,0.00,0.00,0.00,,,,,,,,,,,,,9.32,"2021-01-01",,,,,,,
"USTR153960","2020-12-31","N","USTR",1,,,"N","Gross Total Return","Total Return",-0.17,0.77,14.95,14.95,15.19,0.00,0.00,0.00,0.00,0.00,,,,,,,,,,,,,14.95,"2021-01-01",,,,,,,
"USTR153960","2020-12-31","N","USTR",2,,,"Y","Gross Total Return","Total Return",-0.17,0.77,14.95,14.84,15.17,0.00,0.00,0.00,0.00,0.00,,,,,,,,,,,,,14.95,"2021-01-01",,,,,,,
"USTR153969","2020-12-31","N","USTR",1,,,"N","Gross Total Return","Total Return",1.73,6.44,1.79,1.79,8.33,0.00,0.00,0.00,0.00,0.00,,,,,,,,,,,,,1.79,"2021-01-01",,,,,,,
"USTR153969","2020-12-31","N","USTR",2,,,"Y","Gross Total Return","Total Return",1.73,6.44,1.79,7.11,10.66,0.00,0.00,0.00,0.00,0.00,,,,,,,,,,,,,1.79,"2021-01-01",,,,,,,
"USTR1549","2020-12-31","N","USTR",1,,,"N","Gross Total Return","Total Return",0.03,1.37,11.88,11.88,12.58,7.41,7.28,6.80,6.46,6.25,,,,,,,,,,,,,11.88,"2021-01-01",,,,,,,
"USTR1549","2020-12-31","N","USTR",2,,,"Y","Gross Total Return","Total Return",0.03,1.37,11.88,11.81,12.38,7.29,7.11,6.48,6.28,5.18,,,,,,,,,,,,,11.88,"2021-01-01",,,,,,,
"USTR155107","2020-12-31","N","USTR",1,,,"Y","Gross Total Return","Total Return",0.00,0.00,0.00,0.00,0.00,0.00,0.00,0.00,0.00,0.00,,,,,,,,,,,,,0.00,"2021-01-01",,,,,,,
"USTR156065","2020-12-31","N","USTR",1,,,"N","Gross Total Return","Total Return",0.38,1.00,6.68,6.68,8.17,0.00,0.00,0.00,0.00,0.00,,,,,,,,,,,,,6.68,"2021-01-01",,,,,,,
"USTR156065","2020-12-31","N","USTR",2,,,"Y","Gross Total Return","Total Return",0.38,1.00,6.68,7.51,8.11,0.00,0.00,0.00,0.00,0.00,,,,,,,,,,,,,6.68,"2021-01-01",,,,,,,
"USTR156068","2020-12-31","N","USTR",1,,,"N","Gross Total Return","Total Return",-0.10,1.01,15.12,15.12,15.12,8.64,0.00,0.00,0.00,0.00,,,,,,,,,,,,,15.12,"2021-01-01",,,,,,,
"USTR156068","2020-12-31","N","USTR",2,,,"Y","Gross Total Return","Total Return",-0.10,1.01,15.12,14.31,14.77,8.37,0.00,0.00,0.00,0.00,,,,,,,,,,,,,15.12,"2021-01-01",,,,,,,
"USTR157992","2020-12-31","N","USTR",1,,,"N","Gross Total Return","Total Return",0.54,1.17,3.85,3.85,0.00,0.00,0.00,0.00,0.00,0.00,,,,,,,,,,,,,3.85,"2021-01-01",,,,,,,
"USTR157992","2020-12-31","N","USTR",2,,,"Y","Gross Total Return","Total Return",0.54,1.17,3.85,3.33,0.00,0.00,0.00,0.00,0.00,0.00,,,,,,,,,,,,,3.85,"2021-01-01",,,,,,,
"USTR158590","2020-12-31","N","USTR",1,,,"N","Gross Total Return","Total Return",0.38,0.86,6.21,6.21,6.59,4.61,4.08,3.72,3.39,3.33,,,,,,,,,,,,,6.21,"2021-01-01",,,,,,,
"USTR158590","2020-12-31","N","USTR",2,,,"Y","Gross Total Return","Total Return",0.38,0.86,6.21,6.43,6.62,4.67,4.03,3.64,3.19,3.11,,,,,,,,,,,,,6.21,"2021-01-01",,,,,,,
"USTR158692","2020-12-31","N","USTR",1,,,"N","Gross Total Return","Total Return",0.42,0.94,5.19,5.19,7.41,4.91,0.00,0.00,0.00,0.00,,,,,,,,,,,,,5.19,"2021-01-01",,,,,,,
"USTR158692","2020-12-31","N","USTR",2,,,"Y","Gross Total Return","Total Return",0.42,0.94,5.19,7.51,8.11,5.34,0.00,0.00,0.00,0.00,,,,,,,,,,,,,5.19,"2021-01-01",,,,,,,
"USTR1590","2020-12-31","N","USTR",1,,,"N","Gross Total Return","Total Return",0.09,1.23,14.96,14.96,14.58,8.71,8.26,7.52,7.34,7.04,,,,,,,,,,,,,14.96,"2021-01-01",,,,,,,
"USTR1590","2020-12-31","N","USTR",2,,,"Y","Gross Total Return","Total Return",0.09,1.23,14.96,12.89,13.41,7.78,7.63,6.91,6.91,6.28,,,,,,,,,,,,,14.96,"2021-01-01",,,,,,,
"USTR160933","2020-12-31","N","USTR",1,,,"N","Gross Total Return","Total Return",0.00,0.00,0.00,0.00,6.44,3.35,4.33,0.00,0.00,0.00,,,,,,,,,,,,,0.00,"2021-01-01",,,,,,,
"USTR160933","2020-12-31","N","USTR",2,,,"Y","Gross Total Return","Total Return",0.00,0.00,0.00,12.90,13.59,7.80,7.76,0.00,0.00,0.00,,,,,,,,,,,,,0.00,"2021-01-01",,,,,,,
"USTR1617","2020-12-31","N","USTR",1,,,"N","Gross Total Return","Total Return",0.00,0.00,0.00,0.00,0.00,0.00,0.00,0.05,0.67,1.16,,,,,,,,,,,,,0.00,"2021-01-01",,,,,,,
"USTR1617","2020-12-31","N","USTR",2,,,"Y","Gross Total Return","Total Return",0.00,0.00,0.00,5.88,5.42,4.10,3.42,2.97,2.70,2.54,,,,,,,,,,,,,0.00,"2021-01-01",,,,,,,
"USTR163754","2020-12-31","N","USTR",1,,,"N","Gross Total Return","Total Return",-1.45,-3.60,24.20,24.20,0.00,0.00,0.00,0.00,0.00,0.00,,,,,,,,,,,,,24.20,"2021-01-01",,,,,,,
"USTR163754","2020-12-31","N","USTR",2,,,"Y","Gross Total Return","Total Return",-1.45,-3.60,24.20,24.02,0.00,0.00,0.00,0.00,0.00,0.00,,,,,,,,,,,,,24.20,"2021-01-01",,,,,,,
"USTR164442","2020-12-31","N","USTR",1,,,"N","Gross Total Return","Total Return",0.10,1.39,0.00,0.00,0.00,0.00,0.00,0.00,0.00,0.00,,,,,,,,,,,,,0.00,"2021-01-01",,,,,,,
"USTR164442","2020-12-31","N","USTR",2,,,"Y","Gross Total Return","Total Return",0.10,1.39,0.00,0.00,0.00,0.00,0.00,0.00,0.00,0.00,,,,,,,,,,,,,0.00,"2021-01-01",,,,,,,
"USTR164848","2020-12-31","N","USTR",1,,,"N","Gross Total Return","Total Return",-0.15,0.93,13.83,13.83,14.24,8.15,0.00,0.00,0.00,0.00,,,,,,,,,,,,,13.83,"2021-01-01",,,,,,,
"USTR164848","2020-12-31","N","USTR",2,,,"Y","Gross Total Return","Total Return",-0.15,0.93,13.83,13.83,14.24,8.15,0.00,0.00,0.00,0.00,,,,,,,,,,,,,13.83,"2021-01-01",,,,,,,
"USTR165267","2020-12-31","N","USTR",1,,,"N","Gross Total Return","Total Return",0.00,1.24,12.80,12.80,13.25,0.00,0.00,0.00,0.00,0.00,,,,,,,,,,,,,12.80,"2021-01-01",,,,,,,
"USTR165267","2020-12-31","N","USTR",2,,,"Y","Gross Total Return","Total Return",0.00,1.24,12.80,12.27,12.99,0.00,0.00,0.00,0.00,0.00,,,,,,,,,,,,,12.80,"2021-01-01",,,,,,,
"USTR165304","2020-12-31","N","USTR",1,,,"N","Gross Total Return","Total Return",-0.06,1.07,12.31,0.00,0.00,0.00,0.00,0.00,0.00,0.00,,,,,,,,,,,,,12.31,"2021-01-01",,,,,,,
"USTR165304","2020-12-31","N","USTR",2,,,"Y","Gross Total Return","Total Return",-0.06,1.07,12.31,0.00,0.00,0.00,0.00,0.00,0.00,0.00,,,,,,,,,,,,,12.31,"2021-01-01",,,,,,,
"USTR165715","2020-12-31","N","USTR",1,,,"N","Gross Total Return","Total Return",0.49,1.07,4.38,4.38,0.00,0.00,0.00,0.00,0.00,0.00,,,,,,,,,,,,,4.38,"2021-01-01",,,,,,,
"USTR165715","2020-12-31","N","USTR",2,,,"Y","Gross Total Return","Total Return",0.49,1.07,4.38,3.33,0.00,0.00,0.00,0.00,0.00,0.00,,,,,,,,,,,,,4.38,"2021-01-01",,,,,,,
"USTR167836","2020-12-31","N","USTR",1,,,"N","Gross Total Return","Total Return",-0.13,1.00,14.55,14.55,14.53,0.00,0.00,0.00,0.00,0.00,,,,,,,,,,,,,14.55,"2021-01-01",,,,,,,
"USTR167836","2020-12-31","N","USTR",2,,,"Y","Gross Total Return","Total Return",-0.13,1.00,14.55,13.61,14.18,0.00,0.00,0.00,0.00,0.00,,,,,,,,,,,,,14.55,"2021-01-01",,,,,,,
"USTR168325","2020-12-31","N","USTR",1,,,"N","Gross Total Return","Total Return",0.01,0.04,0.00,0.00,0.00,0.00,0.00,0.00,0.00,0.00,,,,,,,,,,,,,0.00,"2021-01-01",,,,,,,
"USTR168325","2020-12-31","N","USTR",2,,,"Y","Gross Total Return","Total Return",0.01,0.04,0.00,0.00,0.00,0.00,0.00,0.00,0.00,0.00,,,,,,,,,,,,,0.00,"2021-01-01",,,,,,,
"USTR170000","2020-12-31","N","USTR",1,,,"N","Gross Total Return","Total Return",-0.14,1.04,0.00,0.00,0.00,0.00,0.00,0.00,0.00,0.00,,,,,,,,,,,,,0.00,"2021-01-01",,,,,,,
"USTR170000","2020-12-31","N","USTR",2,,,"Y","Gross Total Return","Total Return",-0.14,1.04,0.00,0.00,0.00,0.00,0.00,0.00,0.00,0.00,,,,,,,,,,,,,0.00,"2021-01-01",,,,,,,
"USTR170539","2020-12-31","N","USTR",1,,,"N","Gross Total Return","Total Return",-0.16,1.05,14.85,14.85,14.68,8.65,8.43,7.72,0.00,0.00,,,,,,,,,,,,,14.85,"2021-01-01",,,,,,,
"USTR170539","2020-12-31","N","USTR",2,,,"Y","Gross Total Return","Total Return",-0.16,1.05,14.85,13.42,14.03,8.04,7.98,7.23,0.00,0.00,,,,,,,,,,,,,14.85,"2021-01-01",,,,,,,
"USTR1708","2020-12-31","N","USTR",1,,,"N","Gross Total Return","Total Return",0.00,0.00,0.00,0.00,0.48,0.89,0.80,0.81,0.76,0.87,,,,,,,,,,,,,0.00,"2021-01-01",,,,,,,
"USTR1708","2020-12-31","N","USTR",2,,,"Y","Gross Total Return","Total Return",0.00,0.00,0.00,3.16,3.37,2.77,2.18,1.91,1.53,1.31,,,,,,,,,,,,,0.00,"2021-01-01",,,,,,,
"USTR170869","2020-12-31","N","USTR",1,,,"N","Gross Total Return","Total Return",-1.17,-2.99,17.85,17.85,16.30,9.90,0.00,0.00,0.00,0.00,,,,,,,,,,,,,17.85,"2021-01-01",,,,,,,
"USTR170869","2020-12-31","N","USTR",2,,,"Y","Gross Total Return","Total Return",-1.17,-2.99,17.85,17.70,16.26,9.88,0.00,0.00,0.00,0.00,,,,,,,,,,,,,17.85,"2021-01-01",,,,,,,
"USTR1709","2020-12-31","N","USTR",1,,,"N","Gross Total Return","Total Return",0.15,1.65,11.96,11.96,12.35,7.46,7.19,6.77,6.38,6.29,,,,,,,,,,,,,11.96,"2021-01-01",,,,,,,
"USTR1709","2020-12-31","N","USTR",2,,,"Y","Gross Total Return","Total Return",0.15,1.65,11.96,11.12,11.83,7.00,6.80,6.26,6.09,5.67,,,,,,,,,,,,,11.96,"2021-01-01",,,,,,,
"USTR1710","2020-12-31","N","USTR",1,,,"N","Gross Total Return","Total Return",0.01,1.27,13.01,13.01,13.34,8.00,7.73,7.17,7.13,6.71,,,,,,,,,,,,,13.01,"2021-01-01",,,,,,,
"USTR1710","2020-12-31","N","USTR",2,,,"Y","Gross Total Return","Total Return",0.01,1.27,13.01,12.66,13.32,7.70,7.60,6.95,7.02,6.47,,,,,,,,,,,,,13.01,"2021-01-01",,,,,,,
"USTR1717","2020-12-31","N","USTR",1,,,"N","Gross Total Return","Total Return",-0.16,1.01,13.89,13.89,14.10,8.43,8.14,6.99,6.39,5.62,,,,,,,,,,,,,13.89,"2021-01-01",,,,,,,
"USTR1717","2020-12-31","N","USTR",2,,,"Y","Gross Total Return","Total Return",-0.16,1.01,13.89,13.05,13.53,7.85,7.70,6.71,6.24,5.51,,,,,,,,,,,,,13.89,"2021-01-01",,,,,,,
"USTR1728","2020-12-31","N","USTR",1,,,"N","Gross Total Return","Total Return",0.17,0.56,8.48,8.48,8.68,5.73,5.24,5.04,4.74,4.62,,,,,,,,,,,,,8.48,"2021-01-01",,,,,,,
"USTR1728","2020-12-31","N","USTR",2,,,"Y","Gross Total Return","Total Return",0.17,0.56,8.48,7.51,8.11,5.34,4.89,4.44,4.09,3.84,,,,,,,,,,,,,8.48,"2021-01-01",,,,,,,
"USTR173634","2020-12-31","N","USTR",1,,,"N","Gross Total Return","Total Return",0.13,0.12,3.35,3.35,3.91,3.13,0.00,0.00,0.00,0.00,,,,,,,,,,,,,3.35,"2021-01-01",,,,,,,
"USTR173634","2020-12-31","N","USTR",2,,,"Y","Gross Total Return","Total Return",0.13,0.12,3.35,3.33,3.68,2.98,0.00,0.00,0.00,0.00,,,,,,,,,,,,,3.35,"2021-01-01",,,,,,,
"USTR175835","2020-12-31","N","USTR",1,,,"N","Gross Total Return","Total Return",0.51,1.23,3.83,3.83,0.00,0.00,0.00,0.00,0.00,0.00,,,,,,,,,,,,,3.83,"2021-01-01",,,,,,,
"USTR175835","2020-12-31","N","USTR",2,,,"Y","Gross Total Return","Total Return",0.51,1.23,3.83,3.33,0.00,0.00,0.00,0.00,0.00,0.00,,,,,,,,,,,,,3.83,"2021-01-01",,,,,,,
"USTR175895","2020-12-31","N","USTR",1,,,"N","Gross Total Return","Total Return",0.00,0.00,0.00,0.00,0.00,0.00,0.00,0.00,0.00,0.00,,,,,,,,,,,,,0.00,"2021-01-01",,,,,,,
"USTR175895","2020-12-31","N","USTR",2,,,"Y","Gross Total Return","Total Return",0.00,0.00,0.00,0.00,0.00,0.00,0.00,0.00,0.00,0.00,,,,,,,,,,,,,0.00,"2021-01-01",,,,,,,
"USTR176020","2020-12-31","N","USTR",1,,,"N","Gross Total Return","Total Return",0.41,1.12,7.62,7.62,8.83,0.00,0.00,0.00,0.00,0.00,,,,,,,,,,,,,7.62,"2021-01-01",,,,,,,
"USTR176020","2020-12-31","N","USTR",2,,,"Y","Gross Total Return","Total Return",0.41,1.12,7.62,7.51,8.11,0.00,0.00,0.00,0.00,0.00,,,,,,,,,,,,,7.62,"2021-01-01",,,,,,,
"USTR177901","2020-12-31","N","USTR",1,,,"N","Gross Total Return","Total Return",0.12,1.30,12.70,12.70,0.00,0.00,0.00,0.00,0.00,0.00,,,,,,,,,,,,,12.70,"2021-01-01",,,,,,,
"USTR177901","2020-12-31","N","USTR",2,,,"Y","Gross Total Return","Total Return",0.12,1.30,12.70,12.51,0.00,0.00,0.00,0.00,0.00,0.00,,,,,,,,,,,,,12.70,"2021-01-01",,,,,,,
"USTR183226","2020-12-31","N","USTR",1,,,"N","Gross Total Return","Total Return",-1.17,-2.98,17.87,17.87,16.27,9.88,9.55,0.00,0.00,0.00,,,,,,,,,,,,,17.87,"2021-01-01",,,,,,,
"USTR183226","2020-12-31","N","USTR",2,,,"Y","Gross Total Return","Total Return",-1.17,-2.98,17.87,17.55,16.14,9.83,9.50,0.00,0.00,0.00,,,,,,,,,,,,,17.87,"2021-01-01",,,,,,,
"USTR185833","2020-12-31","N","USTR",1,,,"N","Gross Total Return","Total Return",0.31,0.95,8.46,8.46,9.16,5.97,0.00,0.00,0.00,0.00,,,,,,,,,,,,,8.46,"2021-01-01",,,,,,,
"USTR185833","2020-12-31","N","USTR",2,,,"Y","Gross Total Return","Total Return",0.31,0.95,8.46,7.51,8.11,5.34,0.00,0.00,0.00,0.00,,,,,,,,,,,,,8.46,"2021-01-01",,,,,,,
"USTR186734","2020-12-31","N","USTR",1,,,"N","Gross Total Return","Total Return",-0.25,0.26,17.58,17.58,0.00,0.00,0.00,0.00,0.00,0.00,,,,,,,,,,,,,17.58,"2021-01-01",,,,,,,
"USTR186734","2020-12-31","N","USTR",2,,,"Y","Gross Total Return","Total Return",-0.25,0.26,17.58,17.04,0.00,0.00,0.00,0.00,0.00,0.00,,,,,,,,,,,,,17.58,"2021-01-01",,,,,,,
"USTR187783","2020-12-31","N","USTR",1,,,"Y","Gross Total Return","Total Return",0.00,0.00,0.00,0.00,0.00,0.00,0.00,0.00,0.00,0.00,,,,,,,,,,,,,0.00,"2021-01-01",,,,,,,
"USTR189043","2020-12-31","N","USTR",1,,,"N","Gross Total Return","Total Return",0.08,0.11,3.40,3.40,3.21,0.00,0.00,0.00,0.00,0.00,,,,,,,,,,,,,3.40,"2021-01-01",,,,,,,
"USTR189043","2020-12-31","N","USTR",2,,,"Y","Gross Total Return","Total Return",0.08,0.11,3.40,3.16,3.37,0.00,0.00,0.00,0.00,0.00,,,,,,,,,,,,,3.40,"2021-01-01",,,,,,,
"USTR191654","2020-12-31","N","USTR",1,,,"N","Gross Total Return","Total Return",0.35,0.79,2.36,2.36,0.00,0.00,0.00,0.00,0.00,0.00,,,,,,,,,,,,,2.36,"2021-01-01",,,,,,,
"USTR191654","2020-12-31","N","USTR",2,,,"Y","Gross Total Return","Total Return",0.35,0.79,2.36,3.33,0.00,0.00,0.00,0.00,0.00,0.00,,,,,,,,,,,,,2.36,"2021-01-01",,,,,,,
"USTR193244","2020-12-31","N","USTR",1,,,"N","Gross Total Return","Total Return",0.55,1.30,6.54,6.54,7.71,5.15,4.75,0.00,0.00,0.00,,,,,,,,,,,,,6.54,"2021-01-01",,,,,,,
"USTR193244","2020-12-31","N","USTR",2,,,"Y","Gross Total Return","Total Return",0.55,1.30,6.54,6.43,6.62,4.67,4.03,0.00,0.00,0.00,,,,,,,,,,,,,6.54,"2021-01-01",,,,,,,
"USTR194424","2020-12-31","N","USTR",1,,,"N","Gross Total Return","Total Return",0.00,0.00,0.00,0.00,0.00,-0.54,0.00,0.00,0.00,0.00,,,,,,,,,,,,,0.00,"2021-01-01",,,,,,,
"USTR194424","2020-12-31","N","USTR",2,,,"Y","Gross Total Return","Total Return",0.00,0.00,0.00,3.33,3.68,0.55,0.00,0.00,0.00,0.00,,,,,,,,,,,,,0.00,"2021-01-01",,,,,,,
"USTR194767","2020-12-31","N","USTR",1,,,"N","Gross Total Return","Total Return",0.37,0.83,8.32,8.32,8.68,5.82,0.00,0.00,0.00,0.00,,,,,,,,,,,,,8.32,"2021-01-01",,,,,,,
"USTR194767","2020-12-31","N","USTR",2,,,"Y","Gross Total Return","Total Return",0.37,0.83,8.32,7.51,8.11,5.34,0.00,0.00,0.00,0.00,,,,,,,,,,,,,8.32,"2021-01-01",,,,,,,
"USTR194857","2020-12-31","N","USTR",1,,,"N","Gross Total Return","Total Return",-0.12,0.94,14.80,14.80,0.00,0.00,0.00,0.00,0.00,0.00,,,,,,,,,,,,,14.80,"2021-01-01",,,,,,,
"USTR194857","2020-12-31","N","USTR",2,,,"Y","Gross Total Return","Total Return",-0.12,0.94,14.80,13.37,0.00,0.00,0.00,0.00,0.00,0.00,,,,,,,,,,,,,14.80,"2021-01-01",,,,,,,
"USTR194888","2020-12-31","N","USTR",1,,,"N","Gross Total Return","Total Return",0.56,1.31,8.83,8.83,9.22,6.11,0.00,0.00,0.00,0.00,,,,,,,,,,,,,8.83,"2021-01-01",,,,,,,
"USTR194888","2020-12-31","N","USTR",2,,,"Y","Gross Total Return","Total Return",0.56,1.31,8.83,7.51,8.11,5.34,0.00,0.00,0.00,0.00,,,,,,,,,,,,,8.83,"2021-01-01",,,,,,,
"USTR196107","2020-12-31","N","USTR",1,,,"N","Gross Total Return","Total Return",0.11,0.29,2.36,2.36,0.00,0.00,0.00,0.00,0.00,0.00,,,,,,,,,,,,,2.36,"2021-01-01",,,,,,,
"USTR196107","2020-12-31","N","USTR",2,,,"Y","Gross Total Return","Total Return",0.11,0.29,2.36,3.33,0.00,0.00,0.00,0.00,0.00,0.00,,,,,,,,,,,,,2.36,"2021-01-01",,,,,,,
"USTR196617","2020-12-31","N","USTR",1,,,"N","Gross Total Return","Total Return",-0.31,0.09,18.00,18.00,0.00,0.00,0.00,0.00,0.00,0.00,,,,,,,,,,,,,18.00,"2021-01-01",,,,,,,
"USTR196617","2020-12-31","N","USTR",2,,,"Y","Gross Total Return","Total Return",-0.31,0.09,18.00,17.14,0.00,0.00,0.00,0.00,0.00,0.00,,,,,,,,,,,,,18.00,"2021-01-01",,,,,,,
"USTR197083","2020-12-31","N","USTR",1,,,"N","Gross Total Return","Total Return",-0.19,0.79,15.14,15.14,15.06,0.00,0.00,0.00,0.00,0.00,,,,,,,,,,,,,15.14,"2021-01-01",,,,,,,
"USTR197083","2020-12-31","N","USTR",2,,,"Y","Gross Total Return","Total Return",-0.19,0.79,15.14,14.16,14.49,0.00,0.00,0.00,0.00,0.00,,,,,,,,,,,,,15.14,"2021-01-01",,,,,,,
"USTR197597","2020-12-31","N","USTR",1,,,"N","Gross Total Return","Total Return",0.53,1.19,3.77,3.77,0.00,0.00,0.00,0.00,0.00,0.00,,,,,,,,,,,,,3.77,"2021-01-01",,,,,,,
"USTR197597","2020-12-31","N","USTR",2,,,"Y","Gross Total Return","Total Return",0.53,1.19,3.77,3.33,0.00,0.00,0.00,0.00,0.00,0.00,,,,,,,,,,,,,3.77,"2021-01-01",,,,,,,
"USTR199595","2020-12-31","N","USTR",1,,,"N","Gross Total Return","Total Return",-0.02,1.16,11.79,11.79,12.45,7.27,0.00,0.00,0.00,0.00,,,,,,,,,,,,,11.79,"2021-01-01",,,,,,,
"USTR199595","2020-12-31","N","USTR",2,,,"Y","Gross Total Return","Total Return",-0.02,1.16,11.79,11.79,12.45,7.27,0.00,0.00,0.00,0.00,,,,,,,,,,,,,11.79,"2021-01-01",,,,,,,
"USTR20","2020-12-31","N","USTR",1,,,"N","Gross Total Return","Total Return",0.25,1.30,7.92,7.92,8.51,5.47,5.01,4.60,4.03,3.78,,,,,,,,,,,,,7.92,"2021-01-01",,,,,,,
"USTR20","2020-12-31","N","USTR",2,,,"Y","Gross Total Return","Total Return",0.25,1.30,7.92,8.08,8.55,5.52,5.08,4.70,4.21,4.07,,,,,,,,,,,,,7.92,"2021-01-01",,,,,,,
"USTR205","2020-12-31","N","USTR",1,,,"N","Gross Total Return","Total Return",1.08,1.65,10.76,10.76,9.54,5.83,5.18,5.14,4.03,4.85,,,,,,,,,,,,,10.76,"2021-01-01",,,,,,,
"USTR205","2020-12-31","N","USTR",2,,,"Y","Gross Total Return","Total Return",1.08,1.65,10.76,10.99,12.72,5.92,5.18,5.17,4.02,5.56,,,,,,,,,,,,,10.76,"2021-01-01",,,,,,,
"USTR2071","2020-12-31","N","USTR",1,,,"N","Gross Total Return","Total Return",0.13,0.38,-8.11,-8.11,2.38,0.90,2.55,2.92,4.17,4.91,,,,,,,,,,,,,-8.11,"2021-01-01",,,,,,,
"USTR2071","2020-12-31","N","USTR",2,,,"Y","Gross Total Return","Total Return",0.13,0.38,-8.11,13.53,13.97,8.05,7.92,7.17,7.22,6.84,,,,,,,,,,,,,-8.11,"2021-01-01",,,,,,,
"USTR2139","2020-12-31","N","USTR",1,,,"N","Gross Total Return","Total Return",0.13,0.38,1.51,1.51,8.14,4.57,5.04,4.82,5.26,5.51,,,,,,,,,,,,,1.51,"2021-01-01",,,,,,,
"USTR2139","2020-12-31","N","USTR",2,,,"Y","Gross Total Return","Total Return",0.13,0.38,1.51,11.92,12.64,7.37,7.22,6.64,6.58,6.12,,,,,,,,,,,,,1.51,"2021-01-01",,,,,,,
"USTR2152","2020-12-31","N","USTR",1,,,"N","Gross Total Return","Total Return",0.05,0.07,3.16,3.16,3.39,2.79,2.26,2.02,1.66,2.08,,,,,,,,,,,,,3.16,"2021-01-01",,,,,,,
"USTR2152","2020-12-31","N","USTR",2,,,"Y","Gross Total Return","Total Return",0.05,0.07,3.16,3.30,3.56,2.90,2.34,2.08,1.68,2.20,,,,,,,,,,,,,3.16,"2021-01-01",,,,,,,
"USTR2157","2020-12-31","N","USTR",1,,,"N","Gross Total Return","Total Return",0.00,0.00,0.00,0.00,4.44,0.58,3.41,4.77,5.28,5.84,,,,,,,,,,,,,0.00,"2021-01-01",,,,,,,
"USTR2157","2020-12-31","N","USTR",2,,,"Y","Gross Total Return","Total Return",0.00,0.00,0.00,12.80,14.39,6.86,8.17,8.58,7.66,7.19,,,,,,,,,,,,,0.00,"2021-01-01",,,,,,,
"USTR2179","2020-12-31","N","USTR",1,,,"N","Gross Total Return","Total Return",0.29,1.23,7.18,7.18,7.50,4.91,4.45,4.07,3.71,3.79,,,,,,,,,,,,,7.18,"2021-01-01",,,,,,,
"USTR2179","2020-12-31","N","USTR",2,,,"Y","Gross Total Return","Total Return",0.29,1.23,7.18,7.12,7.50,5.02,4.53,4.19,3.77,3.62,,,,,,,,,,,,,7.18,"2021-01-01",,,,,,,
"USTR2180","2020-12-31","N","USTR",1,,,"N","Gross Total Return","Total Return",0.00,0.00,0.00,0.00,5.41,3.34,3.66,4.03,4.03,5.27,,,,,,,,,,,,,0.00,"2021-01-01",,,,,,,
"USTR2180","2020-12-31","N","USTR",2,,,"Y","Gross Total Return","Total Return",0.00,0.00,0.00,9.12,9.94,6.11,5.74,5.40,5.03,5.47,,,,,,,,,,,,,0.00,"2021-01-01",,,,,,,
"USTR2181","2020-12-31","N","USTR",1,,,"N","Gross Total Return","Total Return",0.53,1.04,5.72,5.72,6.68,4.64,4.23,3.99,3.55,3.46,,,,,,,,,,,,,5.72,"2021-01-01",,,,,,,
"USTR2181","2020-12-31","N","USTR",2,,,"Y","Gross Total Return","Total Return",0.53,1.04,5.72,6.43,6.62,4.67,4.03,3.64,3.19,3.11,,,,,,,,,,,,,5.72,"2021-01-01",,,,,,,
"USTR2243","2020-12-31","N","USTR",1,,,"N","Gross Total Return","Total Return",0.19,0.76,8.40,8.40,9.00,5.86,5.42,4.89,4.52,4.57,,,,,,,,,,,,,8.40,"2021-01-01",,,,,,,
"USTR2243","2020-12-31","N","USTR",2,,,"Y","Gross Total Return","Total Return",0.19,0.76,8.40,8.93,9.32,5.97,5.47,4.98,4.42,4.19,,,,,,,,,,,,,8.40,"2021-01-01",,,,,,,
"USTR2245","2020-12-31","N","USTR",1,,,"N","Gross Total Return","Total Return",0.20,0.74,8.64,8.64,9.15,5.88,5.45,4.93,4.57,4.48,,,,,,,,,,,,,8.64,"2021-01-01",,,,,,,
"USTR2245","2020-12-31","N","USTR",2,,,"Y","Gross Total Return","Total Return",0.20,0.74,8.64,8.93,9.32,5.97,5.47,4.98,4.42,4.19,,,,,,,,,,,,,8.64,"2021-01-01",,,,,,,
"USTR2249","2020-12-31","N","USTR",1,,,"N","Gross Total Return","Total Return",-0.07,1.23,13.12,13.12,13.57,7.97,7.85,7.29,6.42,6.11,,,,,,,,,,,,,13.12,"2021-01-01",,,,,,,
"USTR2249","2020-12-31","N","USTR",2,,,"Y","Gross Total Return","Total Return",-0.07,1.23,13.12,12.09,12.77,7.45,7.36,6.75,6.06,5.39,,,,,,,,,,,,,13.12,"2021-01-01",,,,,,,
"USTR2293","2020-12-31","N","USTR",1,,,"N","Gross Total Return","Total Return",0.46,4.93,16.91,16.91,20.43,10.54,11.06,11.00,9.65,0.00,,,,,,,,,,,,,16.91,"2021-01-01",,,,,,,
"USTR2293","2020-12-31","N","USTR",2,,,"Y","Gross Total Return","Total Return",0.46,4.93,16.91,13.29,18.21,9.22,9.96,10.01,8.67,0.00,,,,,,,,,,,,,16.91,"2021-01-01",,,,,,,
"USTR2309","2020-12-31","N","USTR",1,,,"N","Gross Total Return","Total Return",0.19,1.62,9.70,9.70,10.90,6.52,6.38,6.16,5.69,5.60,,,,,,,,,,,,,9.70,"2021-01-01",,,,,,,
"USTR2309","2020-12-31","N","USTR",2,,,"Y","Gross Total Return","Total Return",0.19,1.62,9.70,10.44,11.38,6.74,6.47,6.11,5.72,5.20,,,,,,,,,,,,,9.70,"2021-01-01",,,,,,,
"USTR2319","2020-12-31","N","USTR",1,,,"N","Gross Total Return","Total Return",0.13,0.38,8.39,8.39,9.72,5.71,5.99,5.74,6.09,6.26,,,,,,,,,,,,,8.39,"2021-01-01",,,,,,,
"USTR2319","2020-12-31","N","USTR",2,,,"Y","Gross Total Return","Total Return",0.13,0.38,8.39,13.61,12.48,7.35,7.17,6.60,6.72,6.33,,,,,,,,,,,,,8.39,"2021-01-01",,,,,,,
"USTR2393","2020-12-31","N","USTR",1,,,"N","Gross Total Return","Total Return",-0.01,0.09,7.48,7.48,7.77,5.31,4.77,4.31,4.23,3.86,,,,,,,,,,,,,7.48,"2021-01-01",,,,,,,
"USTR2393","2020-12-31","N","USTR",2,,,"Y","Gross Total Return","Total Return",-0.01,0.09,7.48,7.10,7.31,4.98,4.47,3.94,3.77,3.52,,,,,,,,,,,,,7.48,"2021-01-01",,,,,,,
"USTR2517","2020-12-31","N","USTR",1,,,"N","Gross Total Return","Total Return",0.00,0.00,0.00,0.00,2.60,1.99,2.23,2.24,2.76,2.84,,,,,,,,,,,,,0.00,"2021-01-01",,,,,,,
"USTR2517","2020-12-31","N","USTR",2,,,"Y","Gross Total Return","Total Return",0.00,0.00,0.00,7.10,7.31,4.98,4.47,3.94,3.77,3.52,,,,,,,,,,,,,0.00,"2021-01-01",,,,,,,
"USTR2543","2020-12-31","N","USTR",1,,,"N","Gross Total Return","Total Return",0.12,1.33,11.40,11.40,11.83,7.57,6.74,5.99,5.30,5.00,,,,,,,,,,,,,11.40,"2021-01-01",,,,,,,
"USTR2543","2020-12-31","N","USTR",2,,,"Y","Gross Total Return","Total Return",0.12,1.33,11.40,11.15,11.90,7.63,6.71,5.97,5.12,4.67,,,,,,,,,,,,,11.40,"2021-01-01",,,,,,,
"USTR2628","2020-12-31","N","USTR",1,,,"N","Gross Total Return","Total Return",0.15,1.45,8.50,8.50,10.17,6.23,6.04,5.74,5.29,5.44,,,,,,,,,,,,,8.50,"2021-01-01",,,,,,,
"USTR2628","2020-12-31","N","USTR",2,,,"Y","Gross Total Return","Total Return",0.15,1.45,8.50,10.32,11.22,6.68,6.38,5.97,5.51,5.38,,,,,,,,,,,,,8.50,"2021-01-01",,,,,,,
"USTR2693","2020-12-31","N","USTR",1,,,"N","Gross Total Return","Total Return",-0.02,1.31,14.68,14.68,17.30,9.46,9.91,9.37,9.04,8.47,,,,,,,,,,,,,14.68,"2021-01-01",,,,,,,
"USTR2693","2020-12-31","N","USTR",2,,,"Y","Gross Total Return","Total Return",-0.02,1.31,14.68,15.57,17.56,9.62,9.89,9.24,8.72,8.11,,,,,,,,,,,,,14.68,"2021-01-01",,,,,,,
"USTR2764","2020-12-31","N","USTR",1,,,"N","Gross Total Return","Total Return",0.60,1.33,3.97,3.97,5.01,4.00,3.69,3.59,2.83,2.39,,,,,,,,,,,,,3.97,"2021-01-01",,,,,,,
"USTR2764","2020-12-31","N","USTR",2,,,"Y","Gross Total Return","Total Return",0.60,1.33,3.97,3.33,3.68,2.98,2.44,2.21,1.78,1.60,,,,,,,,,,,,,3.97,"2021-01-01",,,,,,,
"USTR2767","2020-12-31","N","USTR",1,,,"N","Gross Total Return","Total Return",0.47,4.91,17.32,17.32,20.56,10.58,11.06,11.03,9.66,0.00,,,,,,,,,,,,,17.32,"2021-01-01",,,,,,,
"USTR2767","2020-12-31","N","USTR",2,,,"Y","Gross Total Return","Total Return",0.47,4.91,17.32,13.29,18.21,9.22,9.96,10.01,8.67,0.00,,,,,,,,,,,,,17.32,"2021-01-01",,,,,,,
"USTR2855","2020-12-31","N","USTR",1,,,"N","Gross Total Return","Total Return",1.55,6.05,2.76,2.76,8.59,4.63,5.22,7.59,5.76,0.00,,,,,,,,,,,,,2.76,"2021-01-01",,,,,,,
"USTR2855","2020-12-31","N","USTR",2,,,"Y","Gross Total Return","Total Return",1.55,6.05,2.76,7.11,10.66,6.24,6.55,8.59,5.74,0.00,,,,,,,,,,,,,2.76,"2021-01-01",,,,,,,
"USTR2892","2020-12-31","N","USTR",1,,,"N","Gross Total Return","Total Return",0.46,4.98,16.46,16.46,20.30,10.48,11.01,10.96,9.62,0.00,,,,,,,,,,,,,16.46,"2021-01-01",,,,,,,
"USTR2892","2020-12-31","N","USTR",2,,,"Y","Gross Total Return","Total Return",0.46,4.98,16.46,13.29,18.21,9.22,9.96,10.01,8.67,0.00,,,,,,,,,,,,,16.46,"2021-01-01",,,,,,,
"USTR2897","2020-12-31","N","USTR",1,,,"N","Gross Total Return","Total Return",0.00,0.00,0.00,13.45,13.75,8.05,7.85,7.11,7.06,6.66,,,,,,,,,,,,,0.00,"2021-01-01",,,,,,,
"USTR2897","2020-12-31","N","USTR",2,,,"Y","Gross Total Return","Total Return",0.00,0.00,0.00,13.45,13.75,8.05,7.85,7.11,7.06,6.66,,,,,,,,,,,,,0.00,"2021-01-01",,,,,,,
"USTR2911","2020-12-31","N","USTR",1,,,"N","Gross Total Return","Total Return",-1.13,-2.87,17.33,17.33,16.04,9.74,9.48,7.83,8.86,0.00,,,,,,,,,,,,,17.33,"2021-01-01",,,,,,,
"USTR2911","2020-12-31","N","USTR",2,,,"Y","Gross Total Return","Total Return",-1.13,-2.87,17.33,17.55,16.14,9.83,9.50,7.84,8.73,0.00,,,,,,,,,,,,,17.33,"2021-01-01",,,,,,,
"USTR2912","2020-12-31","N","USTR",1,,,"N","Gross Total Return","Total Return",0.00,0.00,0.00,18.18,19.78,10.74,10.93,10.37,9.64,0.00,,,,,,,,,,,,,0.00,"2021-01-01",,,,,,,
"USTR2912","2020-12-31","N","USTR",2,,,"Y","Gross Total Return","Total Return",0.00,0.00,0.00,15.94,18.34,9.89,10.19,9.66,8.92,0.00,,,,,,,,,,,,,0.00,"2021-01-01",,,,,,,
"USTR2922","2020-12-31","N","USTR",1,,,"N","Gross Total Return","Total Return",-1.13,-2.86,18.41,18.41,16.88,10.18,9.94,8.16,9.41,0.00,,,,,,,,,,,,,18.41,"2021-01-01",,,,,,,
"USTR2922","2020-12-31","N","USTR",2,,,"Y","Gross Total Return","Total Return",-1.13,-2.86,18.41,18.10,16.59,10.03,9.77,8.05,9.16,0.00,,,,,,,,,,,,,18.41,"2021-01-01",,,,,,,
"USTR2941","2020-12-31","N","USTR",1,,,"N","Gross Total Return","Total Return",-0.50,0.19,17.46,17.46,17.97,10.12,10.22,9.25,3.24,0.00,,,,,,,,,,,,,17.46,"2021-01-01",,,,,,,
"USTR2941","2020-12-31","N","USTR",2,,,"Y","Gross Total Return","Total Return",-0.50,0.19,17.46,0.00,10.41,5.89,6.96,6.59,7.21,0.00,,,,,,,,,,,,,17.46,"2021-01-01",,,,,,,
"USTR2995","2020-12-31","N","USTR",1,,,"N","Gross Total Return","Total Return",0.50,4.98,17.14,17.14,20.42,10.54,11.06,10.97,9.65,0.00,,,,,,,,,,,,,17.14,"2021-01-01",,,,,,,
"USTR2995","2020-12-31","N","USTR",2,,,"Y","Gross Total Return","Total Return",0.50,4.98,17.14,13.29,18.21,9.22,9.96,10.01,8.67,0.00,,,,,,,,,,,,,17.14,"2021-01-01",,,,,,,
"USTR3010","2020-12-31","N","USTR",1,,,"N","Gross Total Return","Total Return",0.14,0.39,3.20,3.20,3.91,3.18,3.00,3.11,3.35,0.00,,,,,,,,,,,,,3.20,"2021-01-01",,,,,,,
"USTR3010","2020-12-31","N","USTR",2,,,"Y","Gross Total Return","Total Return",0.14,0.39,3.20,3.33,3.68,2.98,2.44,2.49,2.69,0.00,,,,,,,,,,,,,3.20,"2021-01-01",,,,,,,
"USTR303","2020-12-31","N","USTR",1,,,"N","Gross Total Return","Total Return",0.21,1.53,8.79,8.79,10.17,6.16,5.95,5.75,4.87,4.40,,,,,,,,,,,,,8.79,"2021-01-01",,,,,,,
"USTR303","2020-12-31","N","USTR",2,,,"Y","Gross Total Return","Total Return",0.21,1.53,8.79,9.29,10.14,6.18,5.85,5.52,4.69,4.13,,,,,,,,,,,,,8.79,"2021-01-01",,,,,,,
"USTR3083","2020-12-31","N","USTR",1,,,"N","Gross Total Return","Total Return",0.21,1.47,9.12,9.12,9.53,6.09,5.55,4.99,4.41,0.00,,,,,,,,,,,,,9.12,"2021-01-01",,,,,,,
"USTR3083","2020-12-31","N","USTR",2,,,"Y","Gross Total Return","Total Return",0.21,1.47,9.12,9.21,9.85,6.20,5.73,5.22,4.58,0.00,,,,,,,,,,,,,9.12,"2021-01-01",,,,,,,
"USTR3093","2020-12-31","N","USTR",1,,,"N","Gross Total Return","Total Return",0.35,0.86,7.58,7.58,8.62,5.67,5.33,4.96,4.55,0.00,,,,,,,,,,,,,7.58,"2021-01-01",,,,,,,
"USTR3093","2020-12-31","N","USTR",2,,,"Y","Gross Total Return","Total Return",0.35,0.86,7.58,7.51,8.11,5.34,4.89,4.44,4.09,0.00,,,,,,,,,,,,,7.58,"2021-01-01",,,,,,,
"USTR3165","2020-12-31","N","USTR",1,,,"N","Gross Total Return","Total Return",-0.07,0.86,13.25,13.25,13.77,8.03,8.04,7.61,7.09,0.00,,,,,,,,,,,,,13.25,"2021-01-01",,,,,,,
"USTR3165","2020-12-31","N","USTR",2,,,"Y","Gross Total Return","Total Return",-0.07,0.86,13.25,13.26,13.84,7.97,7.87,7.14,6.94,0.00,,,,,,,,,,,,,13.25,"2021-01-01",,,,,,,
"USTR3218","2020-12-31","N","USTR",1,,,"N","Gross Total Return","Total Return",0.05,1.07,9.65,9.65,10.27,6.30,6.00,5.52,0.00,0.00,,,,,,,,,,,,,9.65,"2021-01-01",,,,,,,
"USTR3218","2020-12-31","N","USTR",2,,,"Y","Gross Total Return","Total Return",0.05,1.07,9.65,9.65,10.27,6.30,6.00,5.52,0.00,0.00,,,,,,,,,,,,,9.65,"2021-01-01",,,,,,,
"USTR3219","2020-12-31","N","USTR",1,,,"N","Gross Total Return","Total Return",0.50,5.10,15.84,15.84,19.85,11.48,10.41,9.60,8.50,0.00,,,,,,,,,,,,,15.84,"2021-01-01",,,,,,,
"USTR3219","2020-12-31","N","USTR",2,,,"Y","Gross Total Return","Total Return",0.50,5.10,15.84,13.29,18.21,10.38,9.71,8.98,8.22,0.00,,,,,,,,,,,,,15.84,"2021-01-01",,,,,,,
"USTR3230","2020-12-31","N","USTR",1,,,"N","Gross Total Return","Total Return",0.45,1.06,8.13,8.13,8.94,5.86,5.59,5.25,4.86,0.00,,,,,,,,,,,,,8.13,"2021-01-01",,,,,,,
"USTR3230","2020-12-31","N","USTR",2,,,"Y","Gross Total Return","Total Return",0.45,1.06,8.13,7.51,8.11,5.34,4.89,4.44,4.09,0.00,,,,,,,,,,,,,8.13,"2021-01-01",,,,,,,
"USTR3248","2020-12-31","N","USTR",1,,,"N","Gross Total Return","Total Return",0.18,1.61,9.12,9.12,10.62,6.50,6.15,5.91,5.48,0.00,,,,,,,,,,,,,9.12,"2021-01-01",,,,,,,
"USTR3248","2020-12-31","N","USTR",2,,,"Y","Gross Total Return","Total Return",0.18,1.61,9.12,9.93,10.83,6.48,6.20,5.85,5.49,0.00,,,,,,,,,,,,,9.12,"2021-01-01",,,,,,,
"USTR3255","2020-12-31","N","USTR",1,,,"N","Gross Total Return","Total Return",0.02,1.10,10.21,10.21,10.79,6.53,6.28,5.00,4.42,0.00,,,,,,,,,,,,,10.21,"2021-01-01",,,,,,,
"USTR3255","2020-12-31","N","USTR",2,,,"Y","Gross Total Return","Total Return",0.02,1.10,10.21,10.21,10.79,6.53,6.28,5.00,4.42,0.00,,,,,,,,,,,,,10.21,"2021-01-01",,,,,,,
"USTR3281","2020-12-31","N","USTR",1,,,"N","Gross Total Return","Total Return",-0.07,0.87,13.72,13.72,14.40,8.42,8.46,7.70,7.85,0.00,,,,,,,,,,,,,13.72,"2021-01-01",,,,,,,
"USTR3281","2020-12-31","N","USTR",2,,,"Y","Gross Total Return","Total Return",-0.07,0.87,13.72,14.05,14.62,8.31,8.34,7.55,7.83,0.00,,,,,,,,,,,,,13.72,"2021-01-01",,,,,,,
"USTR3327","2020-12-31","N","USTR",1,,,"N","Gross Total Return","Total Return",0.49,1.03,7.86,7.86,8.72,5.76,5.47,5.07,4.70,0.00,,,,,,,,,,,,,7.86,"2021-01-01",,,,,,,
"USTR3327","2020-12-31","N","USTR",2,,,"Y","Gross Total Return","Total Return",0.49,1.03,7.86,7.51,8.11,5.34,4.89,4.44,4.09,0.00,,,,,,,,,,,,,7.86,"2021-01-01",,,,,,,
"USTR3329","2020-12-31","N","USTR",1,,,"N","Gross Total Return","Total Return",-0.13,1.18,13.31,13.31,13.86,7.97,7.90,7.17,7.28,0.00,,,,,,,,,,,,,13.31,"2021-01-01",,,,,,,
"USTR3329","2020-12-31","N","USTR",2,,,"Y","Gross Total Return","Total Return",-0.13,1.18,13.31,13.31,13.86,7.97,7.90,7.17,7.28,0.00,,,,,,,,,,,,,13.31,"2021-01-01",,,,,,,
"USTR3369","2020-12-31","N","USTR",1,,,"N","Gross Total Return","Total Return",0.21,1.56,12.51,12.51,13.15,7.87,7.67,7.09,6.83,0.00,,,,,,,,,,,,,12.51,"2021-01-01",,,,,,,
"USTR3369","2020-12-31","N","USTR",2,,,"Y","Gross Total Return","Total Return",0.21,1.56,12.51,12.45,13.01,7.57,7.42,6.75,6.66,0.00,,,,,,,,,,,,,12.51,"2021-01-01",,,,,,,
"USTR3434","2020-12-31","N","USTR",1,,,"N","Gross Total Return","Total Return",-0.15,1.15,13.53,0.00,0.00,0.00,0.00,0.00,0.00,0.00,,,,,,,,,,,,,13.53,"2021-01-01",,,,,,,
"USTR3434","2020-12-31","N","USTR",2,,,"Y","Gross Total Return","Total Return",-0.15,1.15,13.53,0.00,0.00,0.00,0.00,0.00,0.00,0.00,,,,,,,,,,,,,13.53,"2021-01-01",,,,,,,
"USTR346","2020-12-31","N","USTR",1,,,"N","Gross Total Return","Total Return",0.25,0.64,7.78,7.78,8.46,5.67,5.21,4.82,4.57,4.33,,,,,,,,,,,,,7.78,"2021-01-01",,,,,,,
"USTR346","2020-12-31","N","USTR",2,,,"Y","Gross Total Return","Total Return",0.25,0.64,7.78,7.51,8.11,5.34,4.89,4.44,4.09,3.84,,,,,,,,,,,,,7.78,"2021-01-01",,,,,,,
"USTR3618","2020-12-31","N","USTR",1,,,"N","Gross Total Return","Total Return",0.10,1.29,12.58,12.58,12.98,7.72,7.51,6.95,6.73,0.00,,,,,,,,,,,,,12.58,"2021-01-01",,,,,,,
"USTR3618","2020-12-31","N","USTR",2,,,"Y","Gross Total Return","Total Return",0.10,1.29,12.58,12.04,12.76,7.42,7.22,6.66,6.61,0.00,,,,,,,,,,,,,12.58,"2021-01-01",,,,,,,
"USTR3699","2020-12-31","N","USTR",1,,,"N","Gross Total Return","Total Return",-0.13,0.76,11.66,11.66,12.59,7.41,7.28,6.74,6.62,0.00,,,,,,,,,,,,,11.66,"2021-01-01",,,,,,,
"USTR3699","2020-12-31","N","USTR",2,,,"Y","Gross Total Return","Total Return",-0.13,0.76,11.66,12.49,13.10,7.61,7.43,6.79,6.72,0.00,,,,,,,,,,,,,11.66,"2021-01-01",,,,,,,
"USTR3716","2020-12-31","N","USTR",1,,,"N","Gross Total Return","Total Return",0.44,4.92,17.02,17.02,20.61,13.85,10.99,9.23,7.28,0.00,,,,,,,,,,,,,17.02,"2021-01-01",,,,,,,
"USTR3716","2020-12-31","N","USTR",2,,,"Y","Gross Total Return","Total Return",0.44,4.92,17.02,13.29,18.21,12.22,9.61,8.06,6.32,0.00,,,,,,,,,,,,,17.02,"2021-01-01",,,,,,,
"USTR3717","2020-12-31","N","USTR",1,,,"N","Gross Total Return","Total Return",-0.12,0.96,13.70,13.70,14.20,7.80,8.90,9.24,8.38,0.00,,,,,,,,,,,,,13.70,"2021-01-01",,,,,,,
"USTR3717","2020-12-31","N","USTR",2,,,"Y","Gross Total Return","Total Return",-0.12,0.96,13.70,13.35,13.79,7.41,8.59,8.91,7.90,0.00,,,,,,,,,,,,,13.70,"2021-01-01",,,,,,,
"USTR3742","2020-12-31","N","USTR",1,,,"N","Gross Total Return","Total Return",0.12,0.66,7.55,7.55,8.56,5.61,5.28,5.00,4.65,0.00,,,,,,,,,,,,,7.55,"2021-01-01",,,,,,,
"USTR3742","2020-12-31","N","USTR",2,,,"Y","Gross Total Return","Total Return",0.12,0.66,7.55,7.51,8.11,5.34,4.89,4.44,4.09,0.00,,,,,,,,,,,,,7.55,"2021-01-01",,,,,,,
"USTR3773","2020-12-31","N","USTR",1,,,"N","Gross Total Return","Total Return",0.45,1.09,7.85,7.85,8.77,5.80,5.56,5.17,4.82,0.00,,,,,,,,,,,,,7.85,"2021-01-01",,,,,,,
"USTR3773","2020-12-31","N","USTR",2,,,"Y","Gross Total Return","Total Return",0.45,1.09,7.85,7.51,8.11,5.34,4.89,4.44,4.09,0.00,,,,,,,,,,,,,7.85,"2021-01-01",,,,,,,
"USTR3774","2020-12-31","N","USTR",1,,,"N","Gross Total Return","Total Return",0.50,1.18,8.05,8.05,8.96,5.92,5.71,5.28,4.90,0.00,,,,,,,,,,,,,8.05,"2021-01-01",,,,,,,
"USTR3774","2020-12-31","N","USTR",2,,,"Y","Gross Total Return","Total Return",0.50,1.18,8.05,7.51,8.11,5.34,4.89,4.44,4.09,0.00,,,,,,,,,,,,,8.05,"2021-01-01",,,,,,,
"USTR3841","2020-12-31","N","USTR",1,,,"N","Gross Total Return","Total Return",-0.16,0.95,15.03,15.03,15.07,8.75,8.61,7.85,0.00,0.00,,,,,,,,,,,,,15.03,"2021-01-01",,,,,,,
"USTR3841","2020-12-31","N","USTR",2,,,"Y","Gross Total Return","Total Return",-0.16,0.95,15.03,14.34,14.79,8.47,8.42,7.65,0.00,0.00,,,,,,,,,,,,,15.03,"2021-01-01",,,,,,,
"USTR3845","2020-12-31","N","USTR",1,,,"N","Gross Total Return","Total Return",-0.11,0.58,15.14,15.14,14.94,8.72,8.63,7.82,0.00,0.00,,,,,,,,,,,,,15.14,"2021-01-01",,,,,,,
"USTR3845","2020-12-31","N","USTR",2,,,"Y","Gross Total Return","Total Return",-0.11,0.58,15.14,14.54,15.00,8.51,8.50,7.68,0.00,0.00,,,,,,,,,,,,,15.14,"2021-01-01",,,,,,,
"USTR3865","2020-12-31","N","USTR",1,,,"N","Gross Total Return","Total Return",-0.06,0.98,15.58,15.58,15.58,9.08,8.90,8.07,0.00,0.00,,,,,,,,,,,,,15.58,"2021-01-01",,,,,,,
"USTR3865","2020-12-31","N","USTR",2,,,"Y","Gross Total Return","Total Return",-0.06,0.98,15.58,15.18,15.40,8.78,8.64,7.70,0.00,0.00,,,,,,,,,,,,,15.58,"2021-01-01",,,,,,,
"USTR3871","2020-12-31","N","USTR",1,,,"N","Gross Total Return","Total Return",0.49,1.20,7.58,7.58,8.65,5.71,5.47,5.10,0.00,0.00,,,,,,,,,,,,,7.58,"2021-01-01",,,,,,,
"USTR3871","2020-12-31","N","USTR",2,,,"Y","Gross Total Return","Total Return",0.49,1.20,7.58,7.51,8.11,5.34,4.89,4.44,0.00,0.00,,,,,,,,,,,,,7.58,"2021-01-01",,,,,,,
"USTR3906","2020-12-31","N","USTR",1,,,"N","Gross Total Return","Total Return",0.38,0.89,7.01,7.01,7.29,5.01,4.35,3.92,0.00,0.00,,,,,,,,,,,,,7.01,"2021-01-01",,,,,,,
"USTR3906","2020-12-31","N","USTR",2,,,"Y","Gross Total Return","Total Return",0.38,0.89,7.01,6.43,6.62,4.67,4.03,3.64,0.00,0.00,,,,,,,,,,,,,7.01,"2021-01-01",,,,,,,
"USTR3908","2020-12-31","N","USTR",1,,,"N","Gross Total Return","Total Return",0.29,0.65,7.01,7.01,6.98,4.80,4.20,3.77,0.00,0.00,,,,,,,,,,,,,7.01,"2021-01-01",,,,,,,
"USTR3908","2020-12-31","N","USTR",2,,,"Y","Gross Total Return","Total Return",0.29,0.65,7.01,6.43,6.62,4.67,4.03,3.64,0.00,0.00,,,,,,,,,,,,,7.01,"2021-01-01",,,,,,,
"USTR3911","2020-12-31","N","USTR",1,,,"N","Gross Total Return","Total Return",0.13,0.38,1.51,1.51,12.13,5.40,7.17,7.87,0.00,0.00,,,,,,,,,,,,,1.51,"2021-01-01",,,,,,,
"USTR3911","2020-12-31","N","USTR",2,,,"Y","Gross Total Return","Total Return",0.13,0.38,1.51,13.29,18.21,9.22,9.96,10.01,0.00,0.00,,,,,,,,,,,,,1.51,"2021-01-01",,,,,,,
"USTR3915","2020-12-31","N","USTR",1,,,"N","Gross Total Return","Total Return",0.12,0.42,8.02,8.02,8.32,5.53,5.08,4.71,0.00,0.00,,,,,,,,,,,,,8.02,"2021-01-01",,,,,,,
"USTR3915","2020-12-31","N","USTR",2,,,"Y","Gross Total Return","Total Return",0.12,0.42,8.02,7.51,8.11,5.34,4.89,4.44,0.00,0.00,,,,,,,,,,,,,8.02,"2021-01-01",,,,,,,
"USTR3919","2020-12-31","N","USTR",1,,,"N","Gross Total Return","Total Return",-0.22,0.83,14.93,0.00,0.00,0.00,0.00,0.00,0.00,0.00,,,,,,,,,,,,,14.93,"2021-01-01",,,,,,,
"USTR3919","2020-12-31","N","USTR",2,,,"Y","Gross Total Return","Total Return",-0.22,0.83,14.93,0.00,0.00,0.00,0.00,0.00,0.00,0.00,,,,,,,,,,,,,14.93,"2021-01-01",,,,,,,
"USTR3920","2020-12-31","N","USTR",1,,,"N","Gross Total Return","Total Return",0.64,1.57,15.91,15.91,15.13,8.96,8.73,7.95,0.00,0.00,,,,,,,,,,,,,15.91,"2021-01-01",,,,,,,
"USTR3920","2020-12-31","N","USTR",2,,,"Y","Gross Total Return","Total Return",0.64,1.57,15.91,14.77,14.58,8.28,8.30,7.54,0.00,0.00,,,,,,,,,,,,,15.91,"2021-01-01",,,,,,,
"USTR402","2020-12-31","N","USTR",1,,,"N","Gross Total Return","Total Return",0.50,1.19,8.77,8.77,9.28,6.13,5.74,5.33,4.94,4.79,,,,,,,,,,,,,8.77,"2021-01-01",,,,,,,
"USTR402","2020-12-31","N","USTR",2,,,"Y","Gross Total Return","Total Return",0.50,1.19,8.77,7.51,8.11,5.34,4.89,4.44,4.09,3.84,,,,,,,,,,,,,8.77,"2021-01-01",,,,,,,
"USTR4048","2020-12-31","N","USTR",1,,,"N","Gross Total Return","Total Return",0.00,0.00,0.00,0.00,7.08,3.78,4.69,4.67,0.00,0.00,,,,,,,,,,,,,0.00,"2021-01-01",,,,,,,
"USTR4048","2020-12-31","N","USTR",2,,,"Y","Gross Total Return","Total Return",0.00,0.00,0.00,13.19,13.77,7.91,7.86,7.15,0.00,0.00,,,,,,,,,,,,,0.00,"2021-01-01",,,,,,,
"USTR4049","2020-12-31","N","USTR",1,,,"N","Gross Total Return","Total Return",0.08,1.48,12.78,12.78,13.04,7.73,7.57,6.96,0.00,0.00,,,,,,,,,,,,,12.78,"2021-01-01",,,,,,,
"USTR4049","2020-12-31","N","USTR",2,,,"Y","Gross Total Return","Total Return",0.08,1.48,12.78,12.21,12.83,7.45,7.36,6.71,0.00,0.00,,,,,,,,,,,,,12.78,"2021-01-01",,,,,,,
"USTR4079","2020-12-31","N","USTR",1,,,"N","Gross Total Return","Total Return",0.04,1.34,12.59,12.59,12.94,7.74,7.64,7.05,0.00,0.00,,,,,,,,,,,,,12.59,"2021-01-01",,,,,,,
"USTR4079","2020-12-31","N","USTR",2,,,"Y","Gross Total Return","Total Return",0.04,1.34,12.59,12.43,12.91,7.51,7.38,6.78,0.00,0.00,,,,,,,,,,,,,12.59,"2021-01-01",,,,,,,
"USTR4089","2020-12-31","N","USTR",1,,,"N","Gross Total Return","Total Return",0.51,1.28,8.62,8.62,8.90,5.96,5.61,5.26,0.00,0.00,,,,,,,,,,,,,8.62,"2021-01-01",,,,,,,
"USTR4089","2020-12-31","N","USTR",2,,,"Y","Gross Total Return","Total Return",0.51,1.28,8.62,7.51,8.11,5.34,4.89,4.44,0.00,0.00,,,,,,,,,,,,,8.62,"2021-01-01",,,,,,,
"USTR4090","2020-12-31","N","USTR",1,,,"N","Gross Total Return","Total Return",0.47,1.09,7.97,7.97,8.83,5.79,5.50,5.13,0.00,0.00,,,,,,,,,,,,,7.97,"2021-01-01",,,,,,,
"USTR4090","2020-12-31","N","USTR",2,,,"Y","Gross Total Return","Total Return",0.47,1.09,7.97,7.51,8.11,5.34,4.89,4.44,0.00,0.00,,,,,,,,,,,,,7.97,"2021-01-01",,,,,,,
"USTR4091","2020-12-31","N","USTR",1,,,"N","Gross Total Return","Total Return",0.06,0.05,3.14,3.14,3.26,2.71,2.15,1.86,0.00,0.00,,,,,,,,,,,,,3.14,"2021-01-01",,,,,,,
"USTR4091","2020-12-31","N","USTR",2,,,"Y","Gross Total Return","Total Return",0.06,0.05,3.14,3.16,3.37,2.77,2.18,1.91,0.00,0.00,,,,,,,,,,,,,3.14,"2021-01-01",,,,,,,
"USTR4115","2020-12-31","N","USTR",1,,,"N","Gross Total Return","Total Return",0.46,1.08,8.13,8.13,8.94,5.90,5.61,5.29,0.00,0.00,,,,,,,,,,,,,8.13,"2021-01-01",,,,,,,
"USTR4115","2020-12-31","N","USTR",2,,,"Y","Gross Total Return","Total Return",0.46,1.08,8.13,7.51,8.11,5.34,4.89,4.44,0.00,0.00,,,,,,,,,,,,,8.13,"2021-01-01",,,,,,,
"USTR4142","2020-12-31","N","USTR",1,,,"N","Gross Total Return","Total Return",0.36,0.85,8.07,8.07,8.82,5.76,5.43,5.15,0.00,0.00,,,,,,,,,,,,,8.07,"2021-01-01",,,,,,,
"USTR4142","2020-12-31","N","USTR",2,,,"Y","Gross Total Return","Total Return",0.36,0.85,8.07,7.51,8.11,5.34,4.89,4.44,0.00,0.00,,,,,,,,,,,,,8.07,"2021-01-01",,,,,,,
"USTR415","2020-12-31","N","USTR",1,,,"N","Gross Total Return","Total Return",0.53,1.37,6.95,6.95,7.47,5.10,4.82,4.48,3.98,3.92,,,,,,,,,,,,,6.95,"2021-01-01",,,,,,,
"USTR415","2020-12-31","N","USTR",2,,,"Y","Gross Total Return","Total Return",0.53,1.37,6.95,6.43,6.62,4.67,4.03,3.64,3.19,3.11,,,,,,,,,,,,,6.95,"2021-01-01",,,,,,,
"USTR416","2020-12-31","N","USTR",1,,,"N","Gross Total Return","Total Return",1.15,1.79,15.34,15.34,13.03,7.66,6.82,6.58,5.41,4.97,,,,,,,,,,,,,15.34,"2021-01-01",,,,,,,
"USTR416","2020-12-31","N","USTR",2,,,"Y","Gross Total Return","Total Return",1.15,1.79,15.34,15.34,8.31,2.29,2.81,3.33,2.97,3.46,,,,,,,,,,,,,15.34,"2021-01-01",,,,,,,
"USTR4264","2020-12-31","N","USTR",1,,,"N","Gross Total Return","Total Return",-0.08,1.10,14.91,14.91,15.19,8.79,8.71,7.83,0.00,0.00,,,,,,,,,,,,,14.91,"2021-01-01",,,,,,,
"USTR4264","2020-12-31","N","USTR",2,,,"Y","Gross Total Return","Total Return",-0.08,1.10,14.91,13.91,14.80,8.35,8.41,7.68,0.00,0.00,,,,,,,,,,,,,14.91,"2021-01-01",,,,,,,
"USTR4265","2020-12-31","N","USTR",1,,,"N","Gross Total Return","Total Return",-0.11,0.93,13.76,13.76,14.21,8.31,8.25,7.52,0.00,0.00,,,,,,,,,,,,,13.76,"2021-01-01",,,,,,,
"USTR4265","2020-12-31","N","USTR",2,,,"Y","Gross Total Return","Total Return",-0.11,0.93,13.76,12.97,13.87,7.91,7.92,7.23,0.00,0.00,,,,,,,,,,,,,13.76,"2021-01-01",,,,,,,
"USTR4266","2020-12-31","N","USTR",1,,,"N","Gross Total Return","Total Return",-0.17,0.70,13.95,13.95,14.22,8.35,8.22,7.58,0.00,0.00,,,,,,,,,,,,,13.95,"2021-01-01",,,,,,,
"USTR4266","2020-12-31","N","USTR",2,,,"Y","Gross Total Return","Total Return",-0.17,0.70,13.95,13.67,14.22,8.12,8.10,7.36,0.00,0.00,,,,,,,,,,,,,13.95,"2021-01-01",,,,,,,
"USTR4294","2020-12-31","N","USTR",1,,,"N","Gross Total Return","Total Return",0.00,0.00,0.00,0.00,-0.22,-0.86,1.08,1.86,0.00,0.00,,,,,,,,,,,,,0.00,"2021-01-01",,,,,,,
"USTR4294","2020-12-31","N","USTR",2,,,"Y","Gross Total Return","Total Return",0.00,0.00,0.00,12.84,13.54,7.80,7.68,6.99,0.00,0.00,,,,,,,,,,,,,0.00,"2021-01-01",,,,,,,
"USTR4305","2020-12-31","N","USTR",1,,,"N","Gross Total Return","Total Return",-0.07,1.18,13.48,13.48,13.62,8.10,7.86,7.20,0.00,0.00,,,,,,,,,,,,,13.48,"2021-01-01",,,,,,,
"USTR4305","2020-12-31","N","USTR",2,,,"Y","Gross Total Return","Total Return",-0.07,1.18,13.48,12.57,13.19,7.65,7.53,6.78,0.00,0.00,,,,,,,,,,,,,13.48,"2021-01-01",,,,,,,
"USTR4306","2020-12-31","N","USTR",1,,,"N","Gross Total Return","Total Return",0.16,1.54,12.15,12.15,12.63,7.53,7.35,6.86,0.00,0.00,,,,,,,,,,,,,12.15,"2021-01-01",,,,,,,
"USTR4306","2020-12-31","N","USTR",2,,,"Y","Gross Total Return","Total Return",0.16,1.54,12.15,11.56,12.27,7.19,7.05,6.45,0.00,0.00,,,,,,,,,,,,,12.15,"2021-01-01",,,,,,,
"USTR4327","2020-12-31","N","USTR",1,,,"N","Gross Total Return","Total Return",0.06,1.47,11.94,11.94,12.84,7.62,7.40,7.01,0.00,0.00,,,,,,,,,,,,,11.94,"2021-01-01",,,,,,,
"USTR4327","2020-12-31","N","USTR",2,,,"Y","Gross Total Return","Total Return",0.06,1.47,11.94,12.18,12.83,7.50,7.27,6.63,0.00,0.00,,,,,,,,,,,,,11.94,"2021-01-01",,,,,,,
"USTR4372","2020-12-31","N","USTR",1,,,"N","Gross Total Return","Total Return",0.24,0.55,4.78,4.78,5.15,3.82,3.39,3.10,0.00,0.00,,,,,,,,,,,,,4.78,"2021-01-01",,,,,,,
"USTR4372","2020-12-31","N","USTR",2,,,"Y","Gross Total Return","Total Return",0.24,0.55,4.78,4.71,4.86,3.69,3.08,2.77,0.00,0.00,,,,,,,,,,,,,4.78,"2021-01-01",,,,,,,
"USTR4405","2020-12-31","N","USTR",1,,,"N","Gross Total Return","Total Return",-0.23,0.70,15.33,15.33,15.69,9.31,8.94,0.00,0.00,0.00,,,,,,,,,,,,,15.33,"2021-01-01",,,,,,,
"USTR4405","2020-12-31","N","USTR",2,,,"Y","Gross Total Return","Total Return",-0.23,0.70,15.33,15.15,15.36,8.91,8.61,0.00,0.00,0.00,,,,,,,,,,,,,15.33,"2021-01-01",,,,,,,
"USTR4412","2020-12-31","N","USTR",1,,,"N","Gross Total Return","Total Return",-0.07,1.00,14.84,14.84,14.88,8.73,8.55,0.00,0.00,0.00,,,,,,,,,,,,,14.84,"2021-01-01",,,,,,,
"USTR4412","2020-12-31","N","USTR",2,,,"Y","Gross Total Return","Total Return",-0.07,1.00,14.84,13.89,14.50,8.26,8.26,0.00,0.00,0.00,,,,,,,,,,,,,14.84,"2021-01-01",,,,,,,
"USTR4419","2020-12-31","N","USTR",1,,,"N","Gross Total Return","Total Return",0.45,1.08,8.17,8.17,8.92,5.87,5.54,0.00,0.00,0.00,,,,,,,,,,,,,8.17,"2021-01-01",,,,,,,
"USTR4419","2020-12-31","N","USTR",2,,,"Y","Gross Total Return","Total Return",0.45,1.08,8.17,7.51,8.11,5.34,4.89,0.00,0.00,0.00,,,,,,,,,,,,,8.17,"2021-01-01",,,,,,,
"USTR4429","2020-12-31","N","USTR",1,,,"N","Gross Total Return","Total Return",0.43,0.98,8.42,8.42,9.06,5.96,5.54,0.00,0.00,0.00,,,,,,,,,,,,,8.42,"2021-01-01",,,,,,,
"USTR4429","2020-12-31","N","USTR",2,,,"Y","Gross Total Return","Total Return",0.43,0.98,8.42,7.51,8.11,5.34,4.89,0.00,0.00,0.00,,,,,,,,,,,,,8.42,"2021-01-01",,,,,,,
"USTR4430","2020-12-31","N","USTR",1,,,"N","Gross Total Return","Total Return",0.47,0.93,6.15,6.15,6.68,4.74,4.34,0.00,0.00,0.00,,,,,,,,,,,,,6.15,"2021-01-01",,,,,,,
"USTR4430","2020-12-31","N","USTR",2,,,"Y","Gross Total Return","Total Return",0.47,0.93,6.15,6.43,6.62,4.67,4.03,0.00,0.00,0.00,,,,,,,,,,,,,6.15,"2021-01-01",,,,,,,
"USTR486","2020-12-31","N","USTR",1,,,"N","Gross Total Return","Total Return",0.30,0.85,4.45,4.45,5.84,4.15,3.82,3.59,2.76,2.29,,,,,,,,,,,,,4.45,"2021-01-01",,,,,,,
"USTR486","2020-12-31","N","USTR",2,,,"Y","Gross Total Return","Total Return",0.30,0.85,4.45,3.89,5.23,3.84,3.46,3.28,2.56,2.12,,,,,,,,,,,,,4.45,"2021-01-01",,,,,,,
"USTR683","2020-12-31","N","USTR",1,,,"N","Gross Total Return","Total Return",0.08,0.22,3.54,3.54,3.49,2.86,2.41,2.14,1.75,1.53,,,,,,,,,,,,,3.54,"2021-01-01",,,,,,,
"USTR683","2020-12-31","N","USTR",2,,,"Y","Gross Total Return","Total Return",0.08,0.22,3.54,3.33,3.68,2.98,2.44,2.21,1.78,1.50,,,,,,,,,,,,,3.54,"2021-01-01",,,,,,,
"USTR69","2020-12-31","N","USTR",1,,,"N","Gross Total Return","Total Return",0.41,0.93,5.38,0.89,12.08,6.32,4.99,4.34,3.49,3.26,,,,,,,,,,,,,5.38,"2021-01-01",,,,,,,
"USTR69","2020-12-31","N","USTR",2,,,"Y","Gross Total Return","Total Return",0.41,0.93,5.38,-0.47,3.68,2.41,2.28,2.23,2.07,2.20,,,,,,,,,,,,,5.38,"2021-01-01",,,,,,,
"USTR70","2020-12-31","N","USTR",1,,,"N","Gross Total Return","Total Return",0.35,1.11,8.17,13.93,10.98,6.94,5.68,4.93,3.95,3.66,,,,,,,,,,,,,8.17,"2021-01-01",,,,,,,
"USTR70","2020-12-31","N","USTR",2,,,"Y","Gross Total Return","Total Return",0.35,1.11,8.17,14.60,11.32,7.04,5.69,4.91,3.97,3.63,,,,,,,,,,,,,8.17,"2021-01-01",,,,,,,
"USTR72","2020-12-31","N","USTR",1,,,"N","Gross Total Return","Total Return",0.32,0.82,5.29,5.29,5.64,4.11,3.75,3.30,2.76,2.44,,,,,,,,,,,,,5.29,"2021-01-01",,,,,,,
"USTR72","2020-12-31","N","USTR",2,,,"Y","Gross Total Return","Total Return",0.32,0.82,5.29,4.71,4.86,3.69,3.08,2.79,2.37,2.12,,,,,,,,,,,,,5.29,"2021-01-01",,,,,,,
"USTR76","2020-12-31","N","USTR",1,,,"N","Gross Total Return","Total Return",0.07,1.29,10.32,10.32,11.07,6.83,6.59,5.32,4.65,4.37,,,,,,,,,,,,,10.32,"2021-01-01",,,,,,,
"USTR76","2020-12-31","N","USTR",2,,,"Y","Gross Total Return","Total Return",0.07,1.29,10.32,10.21,10.79,6.53,6.28,5.20,4.56,4.27,,,,,,,,,,,,,10.32,"2021-01-01",,,,,,,
"USTR765","2020-12-31","N","USTR",1,,,"N","Gross Total Return","Total Return",0.04,-0.21,5.75,5.75,5.22,3.87,3.19,2.84,2.62,2.64,,,,,,,,,,,,,5.75,"2021-01-01",,,,,,,
"USTR765","2020-12-31","N","USTR",2,,,"Y","Gross Total Return","Total Return",0.04,-0.21,5.75,6.15,6.02,4.38,3.68,3.23,2.90,2.80,,,,,,,,,,,,,5.75,"2021-01-01",,,,,,,
"USTR81","2020-12-31","N","USTR",1,,,"N","Gross Total Return","Total Return",0.42,4.72,15.97,15.97,19.65,10.20,10.73,10.71,7.50,5.87,,,,,,,,,,,,,15.97,"2021-01-01",,,,,,,
"USTR81","2020-12-31","N","USTR",2,,,"Y","Gross Total Return","Total Return",0.42,4.72,15.97,13.29,18.21,9.22,9.96,10.01,6.83,5.49,,,,,,,,,,,,,15.97,"2021-01-01",,,,,,,
"USTR855","2020-12-31","N","USTR",1,,,"N","Gross Total Return","Total Return",0.05,0.06,3.14,3.14,2.99,2.49,1.99,1.75,1.43,1.26,,,,,,,,,,,,,3.14,"2021-01-01",,,,,,,
"USTR855","2020-12-31","N","USTR",2,,,"Y","Gross Total Return","Total Return",0.05,0.06,3.14,3.16,3.37,2.77,2.18,1.91,1.53,1.31,,,,,,,,,,,,,3.14,"2021-01-01",,,,,,,
"USTR89","2020-12-31","N","USTR",1,,,"N","Gross Total Return","Total Return",0.09,-0.12,6.35,6.35,5.86,4.38,3.60,3.13,2.83,2.67,,,,,,,,,,,,,6.35,"2021-01-01",,,,,,,
"USTR89","2020-12-31","N","USTR",2,,,"Y","Gross Total Return","Total Return",0.09,-0.12,6.35,6.46,5.82,4.43,3.67,3.16,2.86,2.74,,,,,,,,,,,,,6.35,"2021-01-01",,,,,,,
"USTR908","2020-12-31","N","USTR",1,,,"N","Gross Total Return","Total Return",-0.22,1.55,17.05,17.05,18.48,10.13,10.37,9.77,9.32,8.69,,,,,,,,,,,,,17.05,"2021-01-01",,,,,,,
"USTR908","2020-12-31","N","USTR",2,,,"Y","Gross Total Return","Total Return",-0.22,1.55,17.05,16.10,17.83,9.79,10.02,9.34,8.79,8.16,,,,,,,,,,,,,17.05,"2021-01-01",,,,,,,
"USTR941","2020-12-31","N","USTR",1,,,"N","Gross Total Return","Total Return",0.41,0.98,8.08,8.08,8.85,5.85,5.53,5.18,4.81,0.00,,,,,,,,,,,,,8.08,"2021-01-01",,,,,,,
"USTR941","2020-12-31","N","USTR",2,,,"Y","Gross Total Return","Total Return",0.41,0.98,8.08,7.51,8.11,5.34,4.89,4.44,4.09,0.00,,,,,,,,,,,,,8.08,"2021-01-01",,,,,,,
"USTR95","2020-12-31","N","USTR",1,,,"N","Gross Total Return","Total Return",0.23,0.38,6.39,6.39,6.47,4.60,4.03,3.74,3.32,3.47,,,,,,,,,,,,,6.39,"2021-01-01",,,,,,,
"USTR95","2020-12-31","N","USTR",2,,,"Y","Gross Total Return","Total Return",0.23,0.38,6.39,6.43,6.62,4.67,4.03,3.64,3.19,3.39,,,,,,,,,,,,,6.39,"2021-01-01",,,,,,,
"USTR999","2020-12-31","N","USTR",1,,,"N","Gross Total Return","Total Return",0.07,0.08,3.21,3.21,3.43,2.84,2.31,2.06,1.67,1.52,,,,,,,,,,,,,3.21,"2021-01-01",,,,,,,
"USTR999","2020-12-31","N","USTR",2,,,"Y","Gross Total Return","Total Return",0.07,0.08,3.21,3.16,3.37,2.77,2.18,1.91,1.53,1.31,,,,,,,,,,,,,3.21,"2021-01-01",,,,,,,
